TIC ID,Teff,logg,Flare #,Observation time,Average flare duration,Longest flare duration,Shortest flare duration,Average percentage increase,Highest percentage increase,Lowest percentage increase,Flares per hour,Flares per day,RA,Dec
2673117,3375.92,4.42,4,52.56240014429932,0.4843874596234627,1.000025952068654,0.0833355346605912,83.63396525382996,259.39764976501465,8.000636100769043,0.0031708344027121,0.0761000256650917,289.550957040058,-29.4203771210749
293891048,3609.01,4.49,1,48.96232212017776,0.062505570623216,0.062505570623216,0.062505570623216,14.16773796081543,14.16773796081543,14.16773796081543,0.0008509944966334,0.0204238679192033,77.6741498983676,16.9863268006099
9029987,3989.59,4.68,33,263.41988316582706,0.2276950793106579,1.4999922020360827,0.0277784077989053,3714.754433161428,57072.2923637365,-14054.628515595829,0.0052198033932556,0.1252752814381364,355.694491508021,-10.1945060878229
188569804,3726.25,4.72,12,162.2334605820961,0.0561337523645496,0.1041643926885171,0.0277776260159043,65.63840607802074,548.3171939849854,1.5848517417907717,0.0030819782688848,0.0739674784532353,338.853969706541,-17.7331551005592
458656217,3801.13,4.63,0,149.81293863400674,0.0,0.0,0.0,0.0,0.0,0.0,0.0,0.0,129.388576012017,10.7392262539488
86105459,3800.09,4.71,11,209.86231796182847,0.1123736392946325,0.4583341096820277,0.0347216998347903,202.4538701230829,846.0858345031738,2.8608083724975586,0.0021839715570886,0.0524153173701282,139.963574052052,22.2602552989649
185467487,3527.7,4.63,3,53.75077080561118,0.1504672192713769,0.2291748614966309,0.1041683004750666,729.4429620107015,2172.748374938965,6.709480285644531,0.0023255480456654,0.0558131530959705,232.3992508239,-26.7427917022268
53190651,3483.74,4.87,2,49.33302371121067,0.6666681714809783,0.749994183765466,0.5833421591964907,40.12198448181152,58.40984582901001,21.83412313461304,0.0016891997908167,0.0405407949796012,166.622567085534,-0.878394893963694
53207396,4232.56,4.2,12,175.93261041580377,0.1151650423124692,0.6458429059268838,0.0347249172582451,2183.0390175183616,19222.276306152344,6.776046752929688,0.0028419972784936,0.0682079346838478,166.707683905499,-1.31782543845209
277798409,3845.04,4.72,1,24.562989471765604,0.5000055737839375,0.5000055737839375,0.5000055737839375,9.830105304718018,9.830105304718018,9.830105304718018,0.0016963190378174,0.0407116569076198,155.819871581671,1.20550722831037
225797920,3740.11,4.67,7,53.75053793600728,0.1299624155920225,0.2013930396110481,0.0416675321812363,232.7138304710388,1019.9121475219728,60.933685302734375,0.0054263022821075,0.130231254770582,229.929379345112,-24.9724665039893
380886536,4091.4,4.67,27,206.6978054428962,0.3729485099551126,1.562522572465241,0.0277783554274719,-41.16053232332619,16810.1284272331,-9559.191973273018,0.0054427283230677,0.1306254797536261,19.4288163466382,0.350541397170424
409119470,4151.65,4.65,11,50.70816974208447,0.9431702158656,3.076355864208836,0.0624991458435033,1379.473481395028,10819.26040649414,4.068589210510254,0.0090386487160656,0.2169275691855767,334.0128018591,-17.2511115812513
468989066,4189.74,4.46,7,297.7297197590199,0.1130983298844187,0.3333378746467588,0.0277805483847259,99.3434463228498,613.1666660308838,3.6020278930664062,0.0009796357142402,0.0235112571417651,129.129918493725,10.1472893019057
38144239,3554.39,4.77,11,176.53733622360778,0.1856168815167455,0.5208731956404336,0.0277774064575169,429.8124519261447,1546.9240188598633,3.721702098846436,0.0025962402239534,0.0623097653748839,171.056858398173,-4.46839327966721
436647823,3515.07,4.55,9,205.0884296504728,0.1242323838415965,0.243075903603767,0.0416702433699356,-5668.90720105593,490.343713760376,-51112.103648169286,0.0018284795521575,0.0438835092517821,72.4468894268042,15.0648271579549
225802247,3648.85,4.74,6,27.062918541565523,0.1944499576602159,0.479181916909738,0.0833360015628841,703.9981762568156,2116.270446777344,4.540085792541504,0.0092377324203237,0.2217055780877695,230.100260760988,-24.9784938265247
12858118,3479.58,4.2,16,185.12193921970103,0.0598948790250943,0.1597212184269665,0.0277775773120083,27.72209942340851,86.85158491134644,6.240582466125488,0.0036012299216219,0.0864295181189267,338.256305717596,-17.7803459996674
130713848,4027.59,4.7,7,26.229367619088407,0.9206430857540387,3.201387012495161,0.0625014958509382,25569.160856519426,50890.22521972656,440.42043685913086,0.0111198512637569,0.2668764303301675,203.079693197855,-2.82031678094961
458685938,4170.59,4.53,0,48.89357549420038,0.0,0.0,0.0,0.0,0.0,0.0,0.0,0.0,132.025926594802,10.5725841079883
168686211,3515.14,4.43,1,52.75000506563015,0.3333423311896695,0.3333423311896695,0.3333423311896695,33.05109739303589,33.05109739303589,33.05109739303589,0.000789889339628,0.0189573441510731,290.830480294473,-29.2472521306741
435923506,4007.06,4.69,7,305.22852534698427,0.126984082412069,0.4166618138247031,0.0277800403014225,-44218.98881665947,3423.927688598633,-313041.2434667803,0.0009555681807101,0.0229336363370441,65.5974552443939,14.63818305749
48559268,3462.9,4.83,4,53.75052117021232,0.3072983365914865,0.4375137564854867,0.1250039280519104,690.1096045970917,1216.083526611328,139.97480869293213,0.0031007451283845,0.0744178830812292,229.373576298073,-26.190040761147
23375009,3516.93,4.51,3,26.687896791351704,0.0810199069831772,0.1111112569105898,0.0277786252622718,8.9019775390625,9.947586059570312,7.225453853607178,0.0046837711108245,0.1124105066597889,236.474638243302,-26.1165702087569
243015707,3753.2,4.78,6,100.4497052684269,0.2974586031068611,0.4653135642788584,0.0486156270926585,851.227068901062,2323.512458801269,85.56399345397949,0.0024888077006491,0.0597313848155799,60.9981811278048,12.216946874975
374270448,3650.25,4.23,3,50.0999746129728,0.0810258791205645,0.1597365073512264,0.0416704232329721,15831.911480426788,47427.42004394531,24.838972091674805,0.0024950112443297,0.0598802698639129,159.336138988446,2.12121380455401
130692036,3513.37,4.53,3,26.22933349107416,0.0462969030266625,0.0833351977366874,0.0277777506234997,14.819157123565674,22.32719659805298,3.415501117706299,0.0047656567423849,0.1143757618172379,202.820086100256,-1.43895852124501
61099144,3805.1,4.62,21,103.34882894617569,0.0565484700763092,0.145835550342781,0.0277778367576502,212.02595688047865,1764.286994934082,3.4511923789978027,0.0084664723240908,0.2031953357781813,205.486994385021,-1.55851525255882
157839046,3640.68,4.45,11,26.229389786665703,0.4589678053562238,1.5347239002358035,0.0416666172436634,3082.2639692913403,10659.700012207031,5.809926986694336,0.0174740372178363,0.4193768932280726,204.079498826639,-1.67914987961723
9031722,3467.09,4.73,18,79.46632713171493,0.0590289582576133,0.1805556703288857,0.0277784249269643,438.0148662461175,5525.341796875,3.748834133148194,0.0094379597883878,0.2265110349213084,355.83017958399,-9.53388474390524
176940537,3523.53,4.53,6,50.07630225015987,0.5370460340539012,1.5277926387161642,0.0347226007465906,159.20889178911844,549.0912914276123,4.191958904266357,0.0049923814013084,0.1198171536314034,183.740163591366,-9.91770575976225
243245808,4073.11,4.69,21,76.92089984447375,0.2050284738988704,1.2013974075939586,0.0277772658628236,136.36241867428734,1127.7606010437012,5.036699771881104,0.0113753219446101,0.273007726670643,136.873381988909,23.5164678152726
405672718,3973.82,4.73,0,50.33396005234772,0.0,0.0,0.0,0.0,0.0,0.0,0.0,0.0,204.168880087554,-17.6662506394902
387143067,4168.81,4.6,0,92.85857288008106,0.0,0.0,0.0,0.0,0.0,0.0,0.0,0.0,102.799302018787,15.7631834270192
385814111,4205.9,4.68,5,230.38791527051148,0.302798540250933,0.7708816235690392,0.0277774324817983,23.994178771972656,58.11898708343506,3.388190269470215,0.0009042719670809,0.0217025272099416,95.3866366814415,15.5734219818219
27679382,4215.29,4.64,10,98.03280249781368,0.1520969864059679,0.8125826842128845,0.0277803342264633,54.41298842430115,172.89023399353027,2.7148962020874023,0.0042502780299069,0.1020066727177673,123.667072967625,13.6635223018866
4602731,4207.49,4.66,17,134.88243768197594,0.1270427700461796,0.638896042567012,0.0277781731397226,-644.6136998037747,10519.379453197143,-25773.512005870987,0.0052514867428733,0.1260356818289596,348.91294924962,-11.4926263653793
240663515,3452.68,4.01,3,109.41495636070226,0.1249986516001323,0.208332419861108,0.0833305693231523,242.7607040094192,694.6807344677037,-343.4980289019486,0.0011424397921242,0.0274185550109809,339.518341509118,-17.0647517600493
38132289,3950.18,4.64,9,74.75204988385804,0.3310212416252195,1.0763729861328102,0.0347253021727738,718.1635936101278,4096.722793579102,4.459810256958008,0.0050165848372403,0.1203980360937695,170.301260696166,-4.49852394026568
9632533,3711.57,4.75,7,191.4818310632661,0.1904776237372841,0.4374990868382156,0.0833331611938774,311390.29344199266,1299263.40535577,-27279.12243462802,0.0015232080508479,0.0365569932203498,357.156885573691,-8.24594578078016
437038450,4246.56,4.64,0,48.89357819569341,0.0,0.0,0.0,0.0,0.0,0.0,0.0,0.0,132.884019064869,10.1422065976782
269486084,3662.13,4.39,11,151.66830976820984,0.7494020962885357,5.180831729682268,0.0277781028148638,2184.690521178939,12904.026241171772,-1707.3873438450892,0.0030219452833211,0.0725266867997076,13.4740614319344,-1.3040260051269
248349273,3943.34,4.7,9,127.62712496786776,0.0895084227846483,0.1666643745265901,0.0277793905320322,-4890.780231027781,672.1319675445557,-30451.42279136173,0.0029382468663649,0.0705179247927578,17.2967570796036,-0.117319763426432
117509013,3445.21,4.81,12,76.92094659798659,0.4699187197445553,1.8333491619719096,0.0347216094401119,4631.301679213841,25052.55889892578,7.198774814605713,0.0065001800174555,0.1560043204189338,138.348763271056,24.1913454601419
336956728,4240.13,4.56,10,152.32929279564087,0.5319541195266538,2.6320014656203057,0.0416684274437102,-402.3375724094112,44043.90038761959,-41628.85984089275,0.0027353023113266,0.065647255471839,18.8207654628864,1.4347130652766
438400734,3385.77,4.41,1,117.5757917909259,0.0416705327093041,0.0416705327093041,0.0416705327093041,24.5103120803833,24.5103120803833,24.5103120803833,0.0003543813401721,0.0085051521641309,97.3396715565599,15.3354286769412
277895144,3703.77,4.72,6,50.09991883012117,0.0937574913139087,0.1944640533188248,0.0277801681872915,1059.3149224917097,5875.841903686523,7.087504863739014,0.00499002804471,0.1197606730730403,157.503096814933,1.22846429254701
374296497,4014.39,4.7,7,74.6620496545986,0.1101240855621849,0.2152967766787696,0.0555602448284844,850.2960818154471,4498.519515991211,15.021693706512451,0.0039064915578392,0.0937557973881427,159.798081711005,0.69235499976026
111015544,4080.82,4.67,0,24.794031265666035,0.0,0.0,0.0,0.0,0.0,0.0,0.0,0.0,189.379995559634,-10.5013574289511
49733378,3343.43,4.91,16,80.17430026119041,0.1888031519324897,1.4027689689796716,0.0277776163029557,4849.569453299046,58619.83642578125,12.27569580078125,0.0083152165281743,0.1995651966761853,352.418879065264,-11.9465539544611
399702563,3583.41,4.68,13,152.29480200291914,0.4893248646329154,2.361166508437236,0.027779481077232,134217.6815055096,1720867.7111535645,-21607.1437774711,0.0035566983215637,0.08536075971753,20.5703034431744,0.298653533991033
240812235,4189.45,4.66,13,134.88014577561466,0.0737167548965527,0.2083278982900083,0.0277770404150032,6315.817751528569,62910.46849364934,6.866276264190674,0.0040159110412571,0.0963818649901719,340.387361741593,-15.9808987640087
145962434,3652.79,4.84,14,134.42215419866056,0.5992037367863239,3.562509205048628,0.0277777671058174,1465.914802677333,11898.632049560549,-7375.075882951967,0.0043395624539034,0.1041494988936838,341.715266015799,-14.3273207759472
281724216,3571.15,4.65,2,49.54874693373495,0.2465303298646404,0.395836168388314,0.0972244913409667,10.971349477767944,15.46229124069214,6.48040771484375,0.0016818454247648,0.0403642901943563,162.46925232034,0.280195159557036
437697980,4164.6,4.58,9,25.464727464625867,0.0378081183139834,0.0624991395575307,0.0277773860466368,119.80671087900798,955.3462982177734,6.675314903259277,0.0147262522452254,0.35343005388541,333.231362049469,-17.7613306679654
12784778,3312.35,4.74,26,134.87963513431873,0.3397379263298384,1.5416530706725098,0.0277769227632234,4767.177479373157,129958.28857421876,-8164.431067025423,0.0080318524902184,0.1927644597652427,337.547392044532,-16.7674019513109
443588692,3381.16,4.93,5,25.11341802434345,0.0902853550885083,0.1736269285629532,0.0277800323060546,22900.2747797966,93711.70654296876,16.4605975151062,0.0082956980659258,0.1990967535822204,168.293482658149,-1.38004239095293
49646654,3903.17,4.49,3,109.41733368117502,0.1041660111569247,0.124999126419425,0.0833329669715112,16803.504095980286,49337.79696997247,6.094205379486084,0.0011424149702297,0.0274179592855144,351.072989190677,-10.4295602882711
386883735,4157.63,4.29,16,76.92089603404975,0.1601652424101303,1.3473565183903702,0.0277772204235589,4801.176107674837,61148.486328125,11.894643306732178,0.0086669123871302,0.2080058972911268,136.696398781032,23.3475244884058
38159702,3554.88,4.76,6,74.75207679704431,0.077550894012423,0.1388899708385906,0.0277802490377325,28136.79388165474,155454.69970703125,13.81511688232422,0.0033443886874041,0.0802653284976992,171.171002783357,-3.23446719814644
98591319,3556.51,4.7,0,24.99959105585685,0.0,0.0,0.0,0.0,0.0,0.0,0.0,0.0,185.077938449361,-10.5200499549843
173163505,4012.66,4.66,3,49.63895482839507,0.0717594134797157,0.1180569811240275,0.0277774930573286,169.01372273763022,264.61753845214844,92.9112672805786,0.0025181835603133,0.0604364054475196,173.261139794925,-5.3034031276781
366484881,3986.0,4.38,9,98.03299628944274,0.1211540045201218,0.2639156249183543,0.0277806051008155,56.84603187772963,146.19038105010986,7.09766149520874,0.0038252426651615,0.0918058239638771,126.89311938465,11.3689896997614
188543818,3744.96,4.62,14,134.87976712195223,0.2762870692918113,1.2222168182479436,0.0277777116157267,302.4082841516716,4251.457214355469,-841.0195330226856,0.0043248394164701,0.1037961459952835,338.795856965336,-17.8638091170089
366409776,3763.93,4.56,1,48.83387788814503,0.2500022207045731,0.2500022207045731,0.2500022207045731,5.957973003387451,5.957973003387451,5.957973003387451,0.00085323280617,0.0204775873480807,126.405272922405,10.3488492836479
443996160,3572.26,4.87,2,97.72763487850784,0.2708407401312342,0.2708436917910148,0.2708377884714537,25.57864785194397,29.489076137542725,21.66821956634521,0.0008527100183784,0.0204650404410824,131.176329542083,11.2615437670699
435918916,3314.74,4.91,2,48.96169567188781,0.0868126046523229,0.1041751489933631,0.0694500603112828,33.004939556121826,59.86311435699463,6.146764755249023,0.0017020107696388,0.0408482584713326,65.2825438518471,13.924771269075
357493637,4213.76,4.67,0,25.000295745487392,0.0,0.0,0.0,0.0,0.0,0.0,0.0,0.0,200.451695890329,-17.5611326798125
434101759,3993.72,4.67,14,134.88304481101954,0.1205373331677687,0.2638949665333712,0.0347229655430965,767.7937354360308,6209.32731628418,8.219170570373535,0.0043247343218758,0.1037936237250202,353.078692025949,-12.499094338755
152868661,3598.94,4.2,1,25.076706241203283,0.0555569864518474,0.0555569864518474,0.0555569864518474,7.917201519012451,7.917201519012451,7.917201519012451,0.0016615685595185,0.0398776454284458,182.367135530302,-9.15183578543199
27630130,3969.75,4.37,7,221.2470580132931,0.0654805246249452,0.1875046414511416,0.0277806195049379,293.2816590581621,1584.598159790039,5.060172080993652,0.0013182849493489,0.0316388387843757,123.154116090881,13.4100046865773
366569064,3847.3,4.47,1,64.45413100310157,0.0763960854696961,0.0763960854696961,0.0763960854696961,166.92039966583252,166.92039966583252,166.92039966583252,0.0006464545564141,0.0155149093539385,127.763746337162,10.0054037708723
399735570,4132.32,4.67,5,97.66232037932014,0.8222727512194069,1.8542841553662583,0.0347243920682558,297.91640996932983,717.3149108886719,17.14407205581665,0.0021332007321162,0.0511968175707889,21.4924991424889,1.1313375428588
186695607,3360.44,4.97,0,50.12573102857914,0.0,0.0,0.0,0.0,0.0,0.0,0.0,0.0,233.506308096682,-26.9067229094249
21273608,3402.19,4.47,3,97.72755126721997,0.0439858744988062,0.0763965216606266,0.0277804959418972,80.83858489990234,204.3931245803833,8.805811405181885,0.001279066121878,0.0306975869250728,129.561502051359,12.035975577956
12784558,3414.08,4.82,16,185.1634450576724,0.2005172361932068,0.4374840972013771,0.0277775942026892,3765.1543306500753,122309.2055794102,-89952.74424944085,0.0036004226776998,0.0864101442647954,337.552913900136,-17.7097780844887
307475217,3482.19,4.72,5,208.6595960245984,0.0569491132427174,0.1111213158192185,0.0277800546432445,7.12038516998291,10.714972019195557,4.512488842010498,0.0009984363877938,0.0239624733070534,98.8896719738232,16.3314853807729
306607547,3678.69,4.65,7,161.07600144929577,0.1081447200431284,0.3958701922747423,0.027779587628629,83.68632452828544,447.2029685974121,10.34616231918335,0.0018107394276141,0.0434577462627385,97.7202775666049,15.2263746962591
366658144,3503.47,4.81,1,48.89359128771139,0.0416708353868671,0.0416708353868671,0.0416708353868671,10.766994953155518,10.766994953155518,10.766994953155518,0.0008521907589377,0.0204525782145058,133.926798294846,10.942621911289
152830089,4201.48,4.49,0,23.743352511552075,0.0,0.0,0.0,0.0,0.0,0.0,0.0,0.0,181.960409893293,-8.48801186682119
444001056,3374.29,4.99,5,98.04017199939835,0.2694659210611007,0.7292398299973684,0.0277805562968751,59.45739030838013,125.57373046875,7.286858558654785,0.0021249792721152,0.0509995025307654,131.337485992079,11.7757928224018
366410896,3866.97,4.66,6,98.03297572278008,0.0729218043982958,0.1250011105962585,0.0277803751082501,227.24639574686685,798.4153747558594,4.672956466674805,0.0025501623117812,0.06120389548275,126.502716142077,10.5128344085766
374314800,3555.7,4.61,11,74.23152266658485,0.2563152179303746,1.1874764769822832,0.0277781381555541,700.1413746313615,5669.8577880859375,5.840933322906494,0.0061743760180154,0.1481850244323713,160.396437459457,0.710470228484051
344771774,3669.12,4.75,12,152.34273424918456,0.089122508231109,0.249996667727828,0.0277782729622231,-2624.1394224366745,8516.690581507772,-39395.56032980633,0.0032820731652496,0.0787697559659904,17.0356997320482,0.0780744719045299
293470507,3541.89,4.76,4,48.96226790602168,0.0468787393974707,0.0694489957759287,0.0277802391519799,151.6968131065369,385.7855796813965,19.17102336883545,0.0034039817556361,0.0816955621352673,76.3787693579855,16.9007125649568
114959349,4110.67,4.65,18,26.2292485526591,0.2635040578103498,1.3124946301386444,0.0277775983095125,260.1779189374712,2014.5851135253904,8.791661262512207,0.0285940330503279,0.68625679320787,201.039576914813,-0.793111852052011
380907410,3386.57,4.95,8,152.34329523898896,0.3888933052923562,1.2708528144285085,0.0277784259810687,10542.76701391618,105941.28876843132,-20787.2955176559,0.0021880407195499,0.0525129772691996,19.5522328270027,1.14325731288641
38139580,3783.84,4.58,10,50.18950307517071,0.0986152969075647,0.312524226574169,0.0277773671359682,1740.844669342041,10609.992980957031,9.142374992370604,0.0083018687402146,0.1992448497651515,170.615133822025,-2.70156967495305
435332935,3734.53,4.66,2,123.37903855977083,0.3020729945150151,0.395817068270162,0.2083289207598682,2174.289321899414,3475.112533569336,873.4661102294922,0.0006754253745701,0.0162102089896826,54.9156791304312,13.0952625531746
443970291,3902.63,4.48,5,97.72761712822056,0.1388938778944521,0.3125049329817102,0.0277805634736978,30.98363876342773,49.13376569747925,8.907830715179443,0.0021317754331408,0.0511626103953798,130.841920793001,11.6735414526473
248351141,3660.08,4.75,5,97.52288222416428,0.1597300514673406,0.38891141478598,0.034724295597698,954.6024513244628,2151.0358810424805,156.26702308654785,0.0021362507811701,0.051270018748083,17.369670298428,-1.767948891316
277914069,4232.17,4.65,5,50.09992407339632,0.0708398764554658,0.1180669727227723,0.0347253709123833,1055.5062198638916,2574.0440368652344,41.05466604232788,0.0041583562687265,0.0998005504494379,157.567962639141,0.791465382359247
8919290,4033.31,4.69,14,134.18202509650314,0.1116080981875191,0.604162469971925,0.0277783481164988,1035.1111165267723,5687.047576904297,6.711328029632568,0.0043473284362328,0.1043358824695875,354.037709560025,-9.66351491761474
345457584,4192.87,4.58,13,276.4114771121624,0.1864442987145349,1.451497273905261,0.0277789304313955,261.9605403680068,2995.7807540893555,7.047832012176514,0.0019596388410705,0.0470313321856923,58.3621369894412,11.64346987418
323015924,3291.17,4.88,5,27.93700426323176,0.4638764073693892,1.0416297588167254,0.0277768237651798,33.30641269683838,78.67716550827026,8.383381366729736,0.0074572538762691,0.17897409303046,245.358592036758,-29.1133239580282
126277741,4104.45,4.66,0,48.87966670490505,0.0,0.0,0.0,0.0,0.0,0.0,0.0,0.0,133.876018990293,25.0205276675024
307127614,3593.41,4.36,6,139.3051584193147,0.1203794664894909,0.3403005023305923,0.0277796370060059,11.881905794143677,17.835044860839844,7.942700386047363,0.0017946212677027,0.0430709104248654,98.4219362209375,14.890800516654
240812294,3817.68,4.2,8,134.88023035774495,0.0729163711744718,0.1458322620019316,0.0277777412434261,11746.04466050333,59474.407117072726,18.69169473648072,0.002471328321795,0.0593118797230808,340.679824175284,-15.4192983393728
8962243,3590.31,4.74,16,134.18202051491653,0.1345511199867246,0.7777941059207478,0.0277783408582763,1471.7148661613464,10696.764373779297,6.502783298492432,0.0049683755253376,0.1192410126081037,354.436642736667,-10.5930799317481
468988150,3549.94,4.3,8,97.72752122694214,0.2309207720136612,0.5208856234826271,0.0347255214464894,99.1231933236122,555.8843612670898,5.805158615112305,0.0034108440401273,0.081860256963056,128.935929730529,11.2319290724364
130726564,3581.08,4.46,10,26.22938108222069,0.0875008228113074,0.2013937966462435,0.0277784549780335,8365.769337415695,31796.04797363281,27.68970727920532,0.0158854936515867,0.3812518476380823,203.645106290851,-2.22951064862801
59039389,4145.84,4.65,19,178.46906377492132,0.1319503873107087,0.4097525623105866,0.027780141068888,202.3200288403269,2197.583197269543,-852.1571698149593,0.0044358761676762,0.10646102802423,57.5190791489219,12.5376750193964
85991333,4214.67,4.51,6,76.92096858325385,0.1238413931190886,0.1944412511675182,0.0625005707415766,7144.399034976959,23542.57049560547,57.16235637664795,0.003250089079799,0.0780021379151774,138.290853523894,23.18808532479
366623273,4113.63,4.68,1,48.83394288222485,0.2500084014920958,0.2500084014920958,0.2500084014920958,9.278571605682371,9.278571605682371,9.278571605682371,0.0008532316705852,0.0204775600940466,128.234112957029,11.3006949487608
248353827,3617.34,4.69,8,127.62716231257129,1.139800580238557,4.555821537354404,0.0347235510444079,52181.30186380168,228936.9165603336,-36560.75219777931,0.0026117742280986,0.0626825814743669,17.7230868595924,-0.51744541569556
38139521,4066.05,4.64,10,50.18950301434097,0.0875018091177025,0.2222236739471554,0.02777994237249,8069.150227308273,59988.4033203125,15.683436393737791,0.0083018687502765,0.1992448500066365,170.5248655813,-3.04801533019913
205760699,3745.39,4.2,0,27.937188235017857,0.0,0.0,0.0,0.0,0.0,0.0,0.0,0.0,250.08698399114,-28.2692903110554
82055010,4000.26,4.69,1,24.56281273547848,0.7500084004491328,0.7500084004491328,0.7500084004491328,81.80012702941895,81.80012702941895,81.80012702941895,0.001696331243306,0.040711949839344,176.775839405026,-5.51479049219068
176940423,4244.99,4.49,3,50.07627377495487,0.2314807783769386,0.3402813039092507,0.1041667143024369,21.18393977483113,42.724764347076416,10.16526222229004,0.0024961921200797,0.0599086108819146,183.678472943621,-9.22238478160483
468992985,4067.1,4.45,6,97.72753124867064,0.2893780474463483,1.048717035156642,0.0277805497175904,202.5937815507253,1098.4423637390137,6.345713138580322,0.0025581327677649,0.0613951864263594,129.144597034304,11.5688050562922
348662823,3550.39,4.51,12,178.46990757061712,0.0868133878381058,0.4236509606084837,0.0277799375985523,101.8527994553248,484.1930389404297,8.310151100158691,0.0028015927548018,0.0672382261152448,61.7738877612752,12.8031213484145
117220176,3553.34,4.52,3,24.9814603507748,0.7593315645279594,1.4862502803925963,0.0555607529886401,463.0910078684489,1111.3122940063477,14.18299674987793,0.0050037106816344,0.1200890563592274,129.884239986306,24.490293652866
138708881,4170.54,4.56,9,76.92088392351343,0.0393524009631518,0.0555605974600439,0.0277772206763984,187.11645470725165,1253.1062126159668,6.99836015701294,0.0048751389853096,0.117003335647432,136.922010006062,24.2641626147807
176868991,4002.72,4.66,7,25.0767355647763,0.0753985348220079,0.2430626841664889,0.0277786180581642,17.48610053743635,61.72938346862793,6.6512227058410645,0.0116309663159008,0.279143191581621,182.775972654954,-9.96345119627752
399670708,3413.77,4.42,20,152.34340167482517,0.1006970742108137,0.2708382876589894,0.0277778132031016,-1150.319770787835,904.4989124455695,-13975.1149428854,0.0054700979771481,0.1312823514515562,19.8495442254491,1.76404516528326
38141156,3657.41,4.55,7,74.75207869018777,0.4067464921055099,1.0694293959090828,0.0416698547314808,579.107711996351,1800.1794815063477,45.31369209289551,0.0039017867031562,0.0936428808757507,170.684594844317,-4.70576865752755
399702508,4146.8,4.7,8,152.34342808031715,1.207516104978481,4.243319198115387,0.0347236997117761,5175.034050643444,30026.803588867188,12.114274501800535,0.0021880388116092,0.0525129314786215,20.5302772355376,0.543285442662677
438519595,3807.09,4.68,3,140.4419512895622,0.1111207798023012,0.222240671045256,0.0277804163442851,12.970558802286783,22.59516716003418,5.118536949157715,0.0008900474455974,0.0213611386943394,100.696106851732,15.6082767764089
443970622,3694.54,4.46,2,97.72762576165064,0.2743112663738429,0.5208419804007463,0.0277805523469396,61.6332471370697,89.0221118927002,34.24438238143921,0.0008527100979264,0.020465042350234,130.99017753942,11.2453706246341
368438569,4184.99,4.22,12,50.07655881782671,0.1886601863157769,0.5625072585585258,0.034723360654425,941.4887458086014,3138.8442993164062,0.5616664886474609,0.0099847116456014,0.2396330794944346,186.969712004142,-10.1771538289022
277810838,3766.04,4.61,8,74.66284505162753,0.3385682466386868,1.0556536772601248,0.0277779299644862,2022.8827387094493,7822.98583984375,6.484580039978027,0.0044645142185894,0.1071483412461472,156.015266122606,2.05696369269733
146366079,4136.68,4.69,14,134.88054301601346,0.1671602077070864,0.7916446351446211,0.0277778019490142,567.9613158645574,3038.2406816363527,-1091.2951602188084,0.0043248145380322,0.1037955489127729,342.180297325875,-14.4101146623913
436706642,3799.08,4.67,3,153.0050431637526,0.2014023280256272,0.3958676073234528,0.0833406098922751,2892.554823557536,8640.333557128906,14.01907205581665,0.0008169665353201,0.0196071968476834,73.8617596712185,14.6533300585267
6992389,3372.49,4.91,3,73.78751847957642,0.090281502784137,0.1666679283619032,0.041670722098388,41.965297857920326,108.68847370147704,1.731252670288086,0.0016940534466489,0.0406572827195749,126.258715232831,12.8605348944683
389140134,3514.96,4.75,8,101.00448853333728,0.1866395154343649,0.4166722020513589,0.0416703008468175,434.9517092108727,2872.0054626464844,1.269996166229248,0.0033001833698045,0.079204400875309,75.221396732183,14.6749742405662
2527981,3450.37,4.92,1,24.28434383988406,0.0624996235062553,0.0624996235062553,0.0624996235062553,23.248231410980225,23.248231410980225,23.248231410980225,0.0017157830963599,0.0411787943126395,289.098025454587,-29.3366785949674
344279511,4122.13,4.26,6,124.80882479392312,0.2048632767982781,0.2916723294183612,0.1041686697863042,-2057.138337434171,973.9035706640154,-6799.588968217783,0.0020030634886017,0.0480735237264419,22.2361629912367,1.21758775116675
248944632,3567.04,4.01,35,151.72525315306052,0.1134942848467679,0.4791744761168957,0.027777770274497,4182.162220526257,109186.14253446422,-23528.08656521656,0.0096116717753119,0.2306801226074869,20.2467778493681,0.0369335139230994
38086750,3824.26,4.67,9,74.75197377031282,0.1288614361589629,0.5208441230281551,0.0277772798899604,241.0095638699001,1179.0575981140137,7.51185417175293,0.0050165899451999,0.1203981586847982,169.635101441419,-2.99339784155066
176877423,3897.11,4.75,6,25.07671413144044,0.0613434390016512,0.1319481903315136,0.0277779233551882,18.396153052647907,41.38146638870239,9.835350513458252,0.0099694082202961,0.2392657972871086,182.986857249214,-8.15992945524622
173147467,3599.24,4.61,4,74.75220926603356,0.1111147905625102,0.1388903959054914,0.083339531022375,5674.212330579758,13342.80242919922,129.87043857574463,0.0022295885071907,0.0535101241725781,173.133232415585,-3.68110670240264
203248702,3903.87,4.72,5,50.07638293733703,0.1319470099145746,0.3402888264872672,0.0555562014505994,38.59240531921387,109.42411422729492,11.086642742156982,0.0041603111309782,0.0998474671434783,184.614224979341,-10.3206951999021
9698910,3553.57,4.69,20,134.00908952853865,0.0895852285281193,0.1944496960331889,0.0277785719558778,856.3703711448597,33551.76925304274,-17926.622939055622,0.006218483658572,0.1492436078057286,357.763949179297,-8.65612829645825
411691321,3713.2,4.5,0,48.962326790283896,0.0,0.0,0.0,0.0,0.0,0.0,0.0,0.0,78.0477201607795,16.0834408563069
9633545,3562.75,4.76,4,109.4181763551744,0.1458365203579887,0.2083400906994938,0.0833332915790379,9324.631673617736,80806.81708915657,-20232.06447250826,0.0015232082293682,0.0365569975048376,357.213230639413,-9.0827004010849
126240074,4100.18,4.65,0,48.87967064485474,0.0,0.0,0.0,0.0,0.0,0.0,0.0,0.0,133.831494383765,24.6819155729881
380197968,3826.92,4.44,5,50.076616366588496,0.5166798229658525,0.8889020219089616,0.0486119657148265,2757.512414455414,7099.268341064453,30.551445484161377,0.0041602917379285,0.099847001710284,187.828655808504,-9.92236817972447
248944625,3550.19,4.88,29,152.34332248034184,0.3692682935785452,4.583615230403211,0.027778400137322,6953.179621327348,150997.13392183703,-43442.26923522586,0.0079316461900668,0.1903595085616051,20.218881606168,-0.031110061165031
49687088,3556.11,4.72,6,80.17426775662375,0.1666679335332901,0.4097285329098667,0.0347229681015051,4485.438581307729,14404.811096191406,11.84900999069214,0.0031182074622608,0.0748369790942593,351.658580863466,-11.170449507062
20419683,4221.57,4.59,9,98.03300890198102,0.1450739293185911,0.3680929105366886,0.0277803837052488,431.4313981268141,3121.543884277344,13.47205638885498,0.0038252421730209,0.0918058121525037,127.211066687841,12.8569790558746
332108990,3659.88,4.72,1,48.879664278768814,0.0416707896806656,0.0416707896806656,0.0416707896806656,24.90605115890503,24.90605115890503,24.90605115890503,0.0008524335688771,0.020458405653051,133.08456994048,24.8598366800407
308254407,3555.36,4.68,6,182.8056472323192,0.1064843956194181,0.2083387798629701,0.0347255050014609,8689.424359464067,57685.152743268,-1811.8021236327968,0.001367572631289,0.0328217431509371,99.7268188800869,17.0929399581322
336994061,3385.64,4.89,0,117.57487976201924,0.0,0.0,0.0,0.0,0.0,0.0,0.0,0.0,92.4154031200063,16.8126454007196
281660393,4143.95,4.34,7,171.3474688064705,0.4474208901613435,1.4374739912559562,0.0277804718525658,43755.29333012445,288475.68359375,13.162660598754885,0.0017021941946285,0.0408526606710846,161.721524858893,1.1512127918584
333607972,4130.07,4.69,4,74.85406560031652,0.2760403293650597,0.6041689915582538,0.104164429474622,-896.8014611581987,13544.212613001087,-9077.741721208804,0.002226554634408,0.0534373112257924,12.958594072513,-1.80382396443582
374179626,3353.21,4.34,4,49.67630433973636,0.093756556804692,0.1319483760939874,0.0347253345071294,3300.3334760665894,11904.610443115234,21.726655960083008,0.0033550536595241,0.080521287828579,157.834325699685,1.6911093965353
98583035,3761.34,4.72,7,50.07641400402508,0.052580664681305,0.0833360535734755,0.0277780390142652,31.824459348406112,109.32624340057372,11.661529541015623,0.0058244319699733,0.1397863672793612,184.88593640797,-10.6234935298195
38132721,4136.83,4.68,9,50.18949506964736,0.1350352676203227,0.2777794743392405,0.0347217226822067,3429.308899243673,16725.350952148438,9.372425079345703,0.0074716830579709,0.1793203933913024,170.305176416914,-2.63342194124238
98628557,3640.03,4.39,6,50.07645425202827,0.1284726495778159,0.1666675125616166,0.0833317074682327,36.38336261113485,125.48863887786864,0.6742000579833984,0.0049923662474539,0.1198167899388958,185.372849643195,-10.7112540047032
111752193,3743.78,4.59,15,134.88084194095927,0.0606481602451519,0.1666678168649014,0.0277778336294431,193.27908833821616,1020.8571434020996,13.680994510650637,0.0046337195928357,0.1112092702280571,343.883974374237,-14.1224822224091
456865281,3836.52,4.4,0,52.04095556603306,0.0,0.0,0.0,0.0,0.0,0.0,0.0,0.0,57.6450816126125,12.8778511561436
6950824,3564.18,4.75,10,98.00515893369834,0.1152858452188638,0.3472559204483332,0.0277803768599369,105.25465130805968,454.4187545776367,9.939062595367432,0.0042514768732587,0.10203544495821,125.983603809047,13.1442386293484
392490487,3884.47,4.67,2,50.32709494207688,0.1493082576133702,0.1666693285826568,0.1319471866440835,11.70441508293152,16.774094104766846,6.634736061096191,0.0016558343657476,0.0397400247779425,205.253531428702,-17.556400587701
434260443,3642.78,4.44,3,101.0029150240498,0.1967620795552041,0.3541575295630537,0.0486136082809025,1000.1941323280334,2788.283348083496,56.39652013778687,0.0012375880435751,0.0297021130458033,64.2180616054304,15.0828640845379
344297459,4246.28,4.66,11,152.34396060734093,0.2298021988626715,0.7083479752764106,0.0277785909079284,451.9050336401792,9256.58216633424,-4929.44453583878,0.0030085428493924,0.0722050283854176,22.685706111959,2.17525323236702
176941689,3664.65,4.74,3,24.999509179770484,0.111109515716483,0.1249971658821778,0.1041646844000752,-1161.156431833903,365.2191162109375,-4130.776596069336,0.0050000981659731,0.1200023559833562,183.872170179195,-8.4741530845926
357616983,3581.34,4.62,0,50.32704405574532,0.0,0.0,0.0,0.0,0.0,0.0,0.0,0.0,204.418927605112,-17.9861012499466
12857784,4173.1,4.54,19,134.87973453348445,0.1564304590116607,0.9999881428666412,0.0277775906706665,302.66921155712,3639.605213703126,-3130.285298049274,0.0058694263404717,0.1408662321713212,338.108605555256,-16.6286637041348
98677024,3425.32,4.2,4,50.07652016761949,0.0711824165649659,0.0902791230819275,0.0347226829212559,64.97943997383118,171.12033367156982,13.343381881713867,0.0033282397840103,0.0798777548162478,186.537797547644,-10.0134524661962
176908789,4233.86,4.6,2,25.076728942995487,0.0416673785239254,0.0416678753649648,0.041666881682886,25.83940625190735,40.89484214782715,10.783970355987549,0.0033231341106237,0.0797552186549692,183.280163283523,-8.36118048586358
82049276,3414.48,4.55,3,49.63916395140154,0.1203719710979385,0.1666683836087941,0.0833344735924583,13.518714904785156,22.932636737823486,3.5507798194885254,0.0025181729515505,0.060436150837212,176.095117664559,-4.91927925160116
389135510,3650.4,4.86,6,153.00527047145874,0.1782481744379917,0.4028129497760346,0.0416703241112372,-6956.324234912218,3619.222640991211,-45096.07020190515,0.0016339306432364,0.0392143354376751,75.085096786916,15.1400308452582
117508819,3647.33,4.63,7,76.9209190096758,0.0565470269980973,0.0694448102713067,0.0416659398943011,669.1441638129098,1994.9920654296875,54.64527606964111,0.0037917730367987,0.0910025528831692,138.257023348019,25.1197802805062
176942811,3525.08,4.9,6,50.076281634022735,0.0983786555642609,0.1666663583050649,0.0277780573082964,80.01887599627177,242.52386093139648,6.184637546539307,0.0049923834566451,0.1198172029594843,183.994210491237,-8.74130957445354
240810542,3615.24,4.74,13,107.52645950577585,0.0827986611817288,0.131944232713522,0.0277777694582255,-286.41946534044695,557.9285621643066,-3272.303219824313,0.0050375197803064,0.1209004747273548,340.631883134954,-14.6335293198001
286961189,3802.11,4.74,0,25.319743174990435,0.0,0.0,0.0,0.0,0.0,0.0,0.0,0.0,206.733362214195,-18.4512498791607
269591772,3511.47,4.93,19,151.6757527796069,0.0990533914793176,0.4028013683923745,0.0277782053417467,1248.5300283682973,13317.819213867188,12.427961826324465,0.0052194675296387,0.125267220711329,16.0124332785964,-1.08592578880578
434131860,3521.65,4.43,19,152.44823078642935,0.3589380461277366,1.875173516983068,0.0486152088014932,1485.1371274485298,32017.97840621924,-18166.09843295296,0.0051930197063142,0.1246324729515414,55.7889293231459,12.7657904566001
23157629,3978.11,4.55,0,27.756931283655376,0.0,0.0,0.0,0.0,0.0,0.0,0.0,0.0,257.116038486713,-29.7116040968025
380909768,3639.84,4.39,20,152.3431438471323,0.0743086449474503,0.3819679874209214,0.0277783677552179,487.6840740442276,3838.367462158203,11.539900302886965,0.0054701072348194,0.1312825736356659,19.0718159901904,0.398495975306965
8937880,3562.87,4.64,5,109.41776530625816,0.5583380130383375,1.1666864738799632,0.1250033216938391,6371.26629449169,33608.05178560473,-2947.993922543669,0.0019040174394917,0.0456964185478025,354.106396727339,-9.51697984663853
98581347,4218.37,4.64,5,50.07635281896,0.8013978467367451,1.4514042621412957,0.1041648708680895,263.698308467865,537.5434398651123,51.53435468673706,0.0041603136331936,0.099847527196647,184.791620151818,-9.03141808171163
173109284,3374.28,4.47,14,74.75221545179579,0.1641881000284684,0.7500021158789423,0.0277774885380495,79.53208259173802,287.27548122406006,9.677982330322266,0.0078035591294213,0.1872854191061126,172.68956747827,-5.2326537424072
443996665,3970.97,4.38,2,48.83406621713448,0.2812576373340789,0.2916715316489444,0.2708437430192134,31.373965740203857,35.536348819732666,27.21158266067505,0.0017064590313409,0.0409550167521838,131.286898846535,11.2121053221229
443610065,4120.37,4.39,2,25.11341120533598,0.1423731989293628,0.15278998523263,0.1319564126260957,117423.54927062988,223910.107421875,10936.991119384766,0.0033182801273777,0.0796387230570671,168.652723131477,-1.56957131808927
389052558,3434.95,4.8,7,153.00242790773427,0.0525835121495999,0.090284888971837,0.0277799749733276,88.89955282211304,324.70388412475586,10.261714458465576,0.0019062878325208,0.045750907980501,62.8780397081315,13.0335317986054
380640263,3850.96,4.39,7,26.83357623158872,0.1051601712550629,0.2500010700427992,0.0277785254706941,1707.9197219439916,3454.968643188477,14.6886944770813,0.0108694668257939,0.2608672038190548,178.738838345436,7.3961146270658
434392844,4169.8,4.62,6,161.07538575962235,0.0601878985683015,0.1458341847173869,0.0277794690668997,-600.5423109501588,23.19164276123047,-3676.812231999628,0.0015520682990825,0.0372496391779808,93.8622211223747,17.1475445423779
98591450,3523.16,4.72,3,50.07640901678974,0.4305637365561476,0.6527844511160765,0.0833335957090639,174.1054892539978,300.47945976257324,20.027196407318115,0.0024961853785899,0.0599084490861585,185.104625033291,-9.98091594853885
117272089,3546.51,4.41,3,49.226899647161645,0.7107157974566386,1.2987329414709166,0.1805724878204273,771.2386647860209,1799.0861892700195,18.189632892608643,0.0025392620883287,0.0609422901198892,130.606415759473,25.0023025825348
389120589,3323.54,4.99,6,101.00446267684264,0.2419071193748247,0.4028128458508035,0.0486153653987457,11541.896053155264,67637.33520507812,5.489838123321533,0.0024751381609727,0.0594033158633457,74.9912019791251,14.3813935196616
436703189,3790.25,4.69,1,52.04224456296288,0.2291644297386028,0.2291644297386028,0.2291644297386028,330.13219833374023,330.13219833374023,330.13219833374023,0.0008006316218021,0.0192151589232504,73.7610968573853,16.2035307216139
66765437,3984.97,4.66,9,26.22225937535813,0.6010805898127829,3.2916444436541497,0.0277776340735727,5712.98310359319,29735.372924804688,52.47327089309693,0.0143008271954017,0.3432198526896419,200.01132961698,-0.669014399835525
436563119,3552.09,4.66,7,126.98341228934623,0.3254155163969179,1.11815050344876,0.0625053546336857,-8411.3624246878,472.04227447509766,-52413.3357648133,0.0022968879273937,0.0551253102574507,70.6346776992503,14.9306782376192
344279121,3613.53,4.6,10,152.14238297480915,0.6937630374921355,2.4861766773001364,0.0694488744602495,556.7355430430101,10296.14196726657,-7962.010680621445,0.0027386626824141,0.0657279043779388,22.1355081851685,1.21932868802228
344242287,3486.66,4.51,2,47.542221376351335,0.2708387889532559,0.458341902744678,0.0833356751618339,13.693487644195557,14.002799987792969,13.384175300598145,0.0017528279268579,0.0420678702445916,21.9234251576179,2.70945771520214
437030707,4079.11,4.69,0,48.89358630248444,0.0,0.0,0.0,0.0,0.0,0.0,0.0,0.0,132.448577750498,11.5650496044263
38132199,4173.65,4.67,0,24.562552966235216,0.0,0.0,0.0,0.0,0.0,0.0,0.0,0.0,170.354416290717,-4.89795444053056
344283108,4151.49,4.66,18,70.40529469456851,0.3152108644199466,2.118113594488477,0.0277795659499133,1294.0275953875648,11752.06298828125,9.385180473327637,0.0106526079217996,0.2556625901231918,22.5988876939565,2.20196736776715
405679690,3706.57,4.59,1,50.3339584996761,0.0833364311772584,0.0833364311772584,0.0833364311772584,19.923198223114014,19.923198223114014,19.923198223114014,0.0008278042877739,0.0198673029065741,204.545673027028,-16.6509321985291
27679309,4115.48,4.45,4,98.03280694837032,0.0399345334330973,0.076396706628202,0.0277803371209302,173.82556200027466,559.5376491546631,8.40224027633667,0.00170011113478,0.040802667234721,123.728278915459,13.4921845495013
434128541,3791.47,4.62,3,74.42878236643219,0.2708557371241416,0.4931007472296187,0.0347235565254777,104502.75480747224,279644.7265625,24.84767436981201,0.001679457812229,0.0403069874934971,55.5168652857217,13.6314532516725
434234612,3516.24,4.81,4,128.28532823284922,0.1684002283020049,0.395822717740657,0.0486135285323143,1286.093991259264,2965.8557891845703,59.476637840271,0.0012991872801241,0.0311804947229791,63.7546771021435,14.0137680152815
344770641,3998.45,4.47,8,102.16734742423364,0.1614591648346675,0.3125029212876598,0.0833341935649514,-9725.108343460011,13355.919164869252,-80515.47967431582,0.0032626210011034,0.0783029040264819,16.5365324341943,0.500218285423731
98668342,4194.91,4.41,6,50.0764897285253,0.1921340936513237,0.4027833747327349,0.0833344013008172,183.44098925590515,580.6492805480957,20.96768617630005,0.0049923627106312,0.1198167050551507,186.006663968233,-10.3219572992982
173109506,4242.78,4.68,8,74.7521962388787,0.2647600085327894,0.7986020604771511,0.0416660754403892,1603.94349694252,6438.948822021484,9.620726108551024,0.0044591777914876,0.1070202669957032,172.701822168362,-4.30261758185579
20423419,3575.4,4.69,8,98.0330179785608,0.2517594298300025,1.2362365355143083,0.0347255047990984,184.3560367822647,617.3794746398926,9.603333473205566,0.0034002149500919,0.0816051588022063,127.318405573162,12.0233070144572
98582946,3582.92,4.79,2,50.07640406902215,0.781243289812096,0.8124838786463897,0.7500027009778023,136.250901222229,156.5345048904419,115.96729755401611,0.0016641237501493,0.0399389700035834,184.884331440777,-10.3338082779917
336891563,3621.66,4.28,19,151.73872374034522,0.1940827871650598,1.0416870893859596,0.0277783508586253,-25649.858267554944,2051.959453742699,-493321.8865715045,0.0052173014715832,0.1252152353179978,17.9323001378012,0.186578674431837
374273515,3806.4,4.7,1,25.113538444058577,0.1944617676986126,0.1944617676986126,0.1944617676986126,7951.995849609375,7951.995849609375,7951.995849609375,0.001659131657591,0.0398191597821844,159.707798391297,2.17110945981223
86119414,3360.77,4.61,10,131.36768307774878,0.1562504039468422,0.7291675644373754,0.0277770179682192,477.5496733188629,3488.6802673339844,3.936827182769776,0.0031717592706576,0.0761222224957837,140.43851743324,21.990246445348
38141726,4105.83,4.52,8,74.279829333605,0.39149397181734,1.375012642019101,0.0277780800943219,611.2415701150894,2425.820732116699,2.9568910598754883,0.0044875349919864,0.1077008398076746,170.797322657246,-4.72047640832489
49427354,4093.07,4.67,4,49.63899190495954,0.166670345357204,0.3541767733815959,0.0833341146612838,6.693562865257263,26.746022701263428,0.0046372413635253,0.0033575755725614,0.0805818137414743,173.99790129785,-4.6937109730481
396846760,3867.09,4.78,3,97.72761929896114,0.2592656954495851,0.5625093953744909,0.0277805508385426,40.2927041053772,77.47498750686646,8.2322359085083,0.0012790652314737,0.0306975655553689,130.820939000719,10.2531682153685
380166466,3658.39,4.51,5,49.63916283322078,0.170834933219703,0.354170260992305,0.0277776317939242,87.17456102371216,264.79620933532715,6.471037864685059,0.0041969550137921,0.1007269203310127,175.913921041368,-5.30862418099023
49419427,4076.58,4.45,1,49.63894969858666,0.0486106193629893,0.0486106193629893,0.0486106193629893,32.94616937637329,32.94616937637329,32.94616937637329,0.0008393946068494,0.0201454705643877,173.671189745654,-4.20487353937111
183651872,3468.82,4.43,6,50.07637280461836,0.202548975968701,0.4583374526710031,0.069446668616365,145.68214416503906,317.71039962768555,55.41093349456787,0.0049923743673572,0.1198169848165728,184.752108983911,-9.71005842933952
49735644,3701.28,4.64,3,107.52865432415638,0.0439823870062051,0.0555568049062458,0.0347228910527519,241.9771989186605,460.1365566253662,87.08689212799072,0.0011624808362538,0.0278995400700931,352.591948281168,-11.3443616997023
173097335,4230.4,4.63,7,74.75216279381357,0.2837500025857805,0.8195068250970508,0.0555561157457304,2210.6476289885386,9027.16064453125,9.045064449310305,0.0039017823132577,0.0936427755181862,172.074371170583,-4.55905078061788
444037480,4243.08,4.68,2,48.89359139895396,0.5729727313400872,0.8820324116622942,0.2639130510178802,266.5086030960083,385.0192070007324,147.99799919128418,0.0017043815139976,0.0409051563359444,133.596627340107,11.2055177996355
176937904,3682.61,4.83,4,50.07627310856742,0.1336824329878823,0.2291687567690132,0.034722503681678,41.97230935096741,65.79804420471191,23.093175888061523,0.0033282562043969,0.0798781489055272,183.432946083367,-9.75343242035064
173109340,3787.33,4.86,9,74.75221574267584,0.1134286907115943,0.4583355317670339,0.0277798062847978,1063.7654768096077,8057.210540771484,7.985484600067139,0.0050165737065358,0.1203977689568594,172.782749424381,-4.97507032275476
269594385,3849.73,4.39,23,97.71725215245806,0.0978304532471789,0.4097455747109961,0.0277782182283772,268.3948444283527,2077.8867721557617,16.018569469451904,0.009807207143301,0.2353729714392244,16.2593034375028,-0.917492701204422
366410722,3666.22,4.44,5,98.03297791023395,0.094447768273676,0.1875058216628531,0.0277803921012491,81.50697708129883,258.5019111633301,7.925450801849365,0.0021251352123986,0.0510032450975666,126.550684809999,10.9672694797468
349132699,3538.57,4.66,2,50.32709332210288,1.8021068504799589,2.006950628215691,1.5972630727442263,107.64980912208556,120.6240177154541,94.67560052871704,0.001655834419047,0.0397400260571303,205.037591955016,-18.0604470638066
49733052,3372.75,4.97,0,109.41750923925542,0.0,0.0,0.0,0.0,0.0,0.0,0.0,0.0,352.414670497153,-10.3014512839348
12787721,4083.76,4.68,7,109.41473042432858,0.276780583085448,1.020820306614041,0.0833298921675123,-28963.115359098483,72840.07140977152,-123884.92693346448,0.0026656983528226,0.0639767604677435,337.74617846825,-17.2308000834383
458682236,4155.71,4.5,6,97.72756696813144,0.3125236960615136,0.6320049791152087,0.027780444984728,107.83267815907796,471.18449211120605,7.080566883087158,0.0025581318327665,0.0613951639863967,129.848933332933,11.7535786233055
372654792,3557.22,4.11,8,255.76396083170928,0.0885421433658848,0.145833215676248,0.0277777476744631,15731.958190252126,36303.56361103197,-5409.395295301057,0.0013032849985954,0.0312788399662919,101.750179833178,15.994223622089
12773325,3467.4,4.63,19,134.87956785305596,0.1798213322348553,0.895821338519454,0.0277775838017078,-22136.086013646884,10918.798506171845,-120476.28706288595,0.0058694335937459,0.1408664062499034,337.234529947455,-17.0357549154348
20495046,3437.16,4.83,3,98.03305938052722,0.1527882224712205,0.2778041365036188,0.034725608977169,882.7459335327148,2482.8800201416016,6.09736442565918,0.001275080067784,0.030601921626817,128.089236099762,12.1259240499064
8990684,3417.64,4.52,2,82.06343202098537,0.1250006125246727,0.1666682015215883,0.0833330235277571,5.913889408111572,6.116008758544922,5.711770057678223,0.0010154746307956,0.0243713911390953,355.015351184231,-10.3742006802073
248343228,3703.14,4.62,19,152.07168306662834,0.1575357207458948,0.6667041929904372,0.027779331043348,-3121.000718910426,467.0649528503418,-58056.54557441535,0.0052058782457205,0.1249410778972925,16.6097091861153,-1.44187745173283
311085996,3602.7,4.36,25,134.8829219446427,0.0969461138653787,0.361119030482314,0.0277782060961726,-108454.7024591336,5810.201263427734,-2722132.657292059,0.0077227468952235,0.1853459254853646,352.232064468609,-12.3023159542688
173096779,3762.69,4.64,1,24.56260154276606,0.3125008522113148,0.3125008522113148,0.3125008522113148,124.94933605194092,124.94933605194092,124.94933605194092,0.0016963458286012,0.0407122998864308,171.839149597889,-4.34116190888708
9030125,3722.9,4.71,10,134.1823038844741,0.0729181650532155,0.2708395126446703,0.0277784290392446,1594.0850639343262,11353.446197509766,10.999774932861328,0.0031052281456234,0.0745254754949626,355.718664110892,-9.57083707347239
240851571,3434.63,4.57,20,134.88020948701364,0.0767353769519104,0.2083331801586609,0.0277777237170084,1077.686313411025,27345.46508395405,-8566.98061134933,0.0061783217604919,0.1482797222518075,340.759988376,-15.9338743652541
437030429,3862.39,4.4,4,48.87969530026157,0.2100900604307298,0.3403116321132984,0.0486160318073416,165.6861037015915,315.8811569213867,26.577699184417725,0.003409732111521,0.0818335706765053,132.381606676694,11.5327049669991
311086052,3599.4,4.84,10,134.88290208901003,0.0819458727817163,0.270839241984504,0.0277783327633187,844.0089583396912,5240.943145751953,14.1576886177063,0.0030890992128246,0.0741383811077918,352.275880990299,-12.6643591957249
366631668,3541.48,4.93,3,73.31064732889922,0.0439859093921768,0.0763966150875603,0.0277805560867818,70.65816322962444,170.24905681610107,18.62940788269043,0.0017050729267087,0.0409217502410102,130.219216562401,12.1309971254815
5777223,3588.1,4.6,1,54.70857052129759,0.1041678377594053,0.1041678377594053,0.1041678377594053,6.359672546386719,6.359672546386719,6.359672546386719,0.000761611321035,0.018278671704842,348.505592411128,-12.1792987577281
53210568,4092.45,4.66,8,74.74481876858431,0.1467014798841432,0.2986038588528572,0.0416667459558084,16511.766377091408,76142.32788085938,18.66065263748169,0.004459617921683,0.1070308301203942,167.066951343727,-1.1073980805112
344298963,4194.95,4.66,18,97.71802887334252,0.0590301020699826,0.1944497794302151,0.0277785628918536,219.93363168504504,1878.844833374024,10.918498039245604,0.0076751445833205,0.1842034699996942,22.8491393480315,1.47716787384039
366355539,3933.0,4.6,0,48.83386417028487,0.0,0.0,0.0,0.0,0.0,0.0,0.0,0.0,126.056377190153,10.2970248830827
146801027,4097.24,4.37,9,80.1728757626995,0.1612645678106269,0.4791562234167941,0.0347223823359854,1179.4179399808247,4660.302352905273,26.77308320999145,0.0046773924027615,0.1122574176662783,342.970008581715,-14.2557173072345
389082541,4017.84,4.42,10,253.1023401765849,0.2298710201958556,0.8264290737279225,0.0277799875757409,159.7858476638794,771.8049049377441,10.31714677810669,0.0016462379066742,0.0395097097601831,63.1043393774784,12.974570250139
152822348,3290.58,4.88,4,25.076639912761493,0.1406262129946753,0.3402785030721134,0.0347230639972622,21.955853700637817,31.12795352935791,15.445125102996826,0.0066462918176629,0.1595110036239106,181.485112947003,-7.24659568379957
366355306,3465.01,4.28,11,73.7875195942504,0.1218513479189327,0.277803796662738,0.0277803772628431,84.70432975075461,541.5310382843018,18.791115283966064,0.0062115292105448,0.1490767010530752,125.994114536381,10.9350658383034
98676221,4156.19,4.69,0,24.99964381859263,0.0,0.0,0.0,0.0,0.0,0.0,0.0,0.0,186.339629589722,-10.7985332077393
396847600,3352.77,4.93,1,48.89359252323448,0.027780558764789,0.027780558764789,0.027780558764789,20.62770128250122,20.62770128250122,20.62770128250122,0.0008521907374031,0.0204525776976767,134.129449101891,10.9633284535166
173163027,3595.51,4.63,6,74.75222821413172,0.0983821199084407,0.1458350210173193,0.0416672344194921,532.1315964063009,1370.216941833496,14.779818058013916,0.0033443819130563,0.0802651659133515,173.135264297046,-4.54081918810882
49710967,3596.22,4.86,11,134.88302811260633,0.0460866041056843,0.0902797949620435,0.0277776118318797,116.1299152807756,906.1216354370116,11.258256435394289,0.0033980059592871,0.0815521430228917,352.289569851945,-10.9993269049707
366409871,3221.14,5.0,5,98.032967543749,0.076394270945093,0.1319568422204611,0.027780317442648,72.72493362426758,174.88365173339844,3.354978561401367,0.0021251354371207,0.0510032504908989,126.358501524471,10.5871469464174
423611834,3425.86,4.42,21,134.88323331528022,0.0859800314454852,0.625011404034467,0.0277783604151409,98.1346635591416,807.7194213867188,9.445679187774658,0.0064870924168517,0.155690218004442,353.60043933092,-11.1166828801497
38115712,3382.59,4.88,9,74.75203256810255,0.1157417490012449,0.4375000489494596,0.0277802563127806,944.0450297461616,5968.76220703125,42.21237897872925,0.0050165859992951,0.1203980639830841,169.982888872584,-4.6325003309364
438336319,3207.86,4.98,0,117.5757651739334,0.0,0.0,0.0,0.0,0.0,0.0,0.0,0.0,97.0260083823856,15.4148169167324
49710614,3478.12,4.66,0,54.7087457759294,0.0,0.0,0.0,0.0,0.0,0.0,0.0,0.0,352.208206412777,-11.0854382766849
49689747,3452.68,4.83,11,79.7159619793133,0.0688143328034129,0.2638930600310232,0.0277782168941485,256.9050821391019,2272.769546508789,16.108500957489014,0.0057495804096583,0.1379899298318015,351.928719474245,-11.2058562379848
49738169,4204.13,4.55,5,80.17434106786504,0.1763907731938161,0.3263870319615307,0.0555569017119523,5606.203169822693,15862.078857421877,58.114075660705566,0.0025985038424822,0.062364092219575,352.935634619265,-11.9586638518791
392460627,3829.67,4.58,0,50.320106334578895,0.0,0.0,0.0,0.0,0.0,0.0,0.0,0.0,204.960718159406,-16.8264545499722
145750665,3493.03,4.69,0,54.70762077172162,0.0,0.0,0.0,0.0,0.0,0.0,0.0,0.0,341.166807833658,-15.6209530245811
429344623,4203.49,4.65,0,25.04139693355728,0.0,0.0,0.0,0.0,0.0,0.0,0.0,0.0,188.473514647606,-11.0648112802401
366631129,4152.07,4.42,4,97.7205448408431,0.1163279626811117,0.1597373225063165,0.0694514594320026,27.51975357532501,62.9259467124939,8.08192491531372,0.0017055437721731,0.0409330505321555,128.319117861321,10.3478995226471
374239116,3658.7,4.27,8,74.6619898708293,0.1848992049416438,0.7916668609559565,0.0277786576352809,11292.93241649866,65016.36352539063,80.62237501144409,0.0044645653552768,0.1071495685266436,158.864168391771,0.38606090912273
248344830,3989.86,4.66,0,20.22925817900113,0.0,0.0,0.0,0.0,0.0,0.0,0.0,0.0,16.6233630419401,-1.10897242432394
443965618,3515.71,4.59,0,97.72758123511947,0.0,0.0,0.0,0.0,0.0,0.0,0.0,0.0,130.101075898803,11.2654374373678
98676245,3529.54,4.41,2,50.076539365474446,1.4062840014478295,1.5139105557527728,1.298657447142887,1117.131757736206,1395.0995445251465,839.1639709472656,0.0016641192540311,0.0399388620967468,186.412416627121,-10.8747215181988
399673453,3907.49,4.63,19,152.34346636954456,0.0811436419059981,0.395839624965447,0.0277784060722297,56.23807279687179,277.53522396087646,8.674061298370361,0.005196590871487,0.1247181809156887,20.1822648148427,1.79696802888635
402319933,3471.11,4.84,0,54.708782008561,0.0,0.0,0.0,0.0,0.0,0.0,0.0,0.0,353.530774171685,-12.0733016577686
248344827,4144.48,4.65,0,47.54200141617207,0.0,0.0,0.0,0.0,0.0,0.0,0.0,0.0,16.6645213617282,-1.14000986783
269593972,4230.57,4.65,0,47.54198782657227,0.0,0.0,0.0,0.0,0.0,0.0,0.0,0.0,16.1377453121885,-0.896528027902229
21221912,3459.06,4.86,2,97.72752646359118,0.1250126348397771,0.180573824512976,0.0694514451665782,30.110621452331543,32.19199180603027,28.02925109863281,0.00085271096434,0.0204650631441604,129.086926208041,12.1057197260364
269591754,3929.2,4.76,0,47.54197791977754,0.0,0.0,0.0,0.0,0.0,0.0,0.0,0.0,15.9339645705721,-1.14389734871842
176878712,3911.37,4.59,3,24.999512415051186,0.1041649947790877,0.1249971998283854,0.0833310816176435,53.60634724299113,92.99212694168092,9.94187593460083,0.0050000975188917,0.1200023404534011,183.135375621864,-10.2135353694426
366398963,3717.95,4.66,3,73.75280645586327,0.1064866377252353,0.229173666421957,0.0347254793400679,53.25040419896444,131.13970756530762,13.580167293548584,0.0016948507589986,0.0406764182159674,126.135287267352,10.3611831226113
344816587,3436.1,4.81,14,73.00177476948397,0.105660562243299,0.5486437897607175,0.0277793738337095,84.46469562394279,452.7062892913818,14.902019500732422,0.0079906733113723,0.1917761594729372,17.4689384968268,0.205623176839403
399702712,3474.97,4.81,8,97.5511020669187,0.4071262986291799,1.0833601195290612,0.0625014110469237,762.8410622477531,4273.10905456543,14.950346946716309,0.0034170124813625,0.0820082995527012,20.6988709386779,0.632998293815776
468992514,3705.8,4.71,2,48.83399059917974,0.2500061188657128,0.2500088583560682,0.2500033793753573,34.88590121269226,48.65063428878784,21.12116813659668,0.001706461673741,0.0409550801697863,129.185967197827,10.3432442642112
8990848,3812.8,4.61,25,134.1821788871987,0.0683348154142731,0.1736148737281837,0.0277777580172369,147.98960638046265,1259.9509239196775,16.39488935470581,0.007763077595739,0.1863138622977381,354.976537357913,-9.64074106887617
38116567,4195.71,4.69,7,50.18949372997668,0.2946440018069682,0.8541720636003447,0.0902858276785991,1000.7515754018513,3428.852081298828,30.2491307258606,0.0058113092002054,0.1394714208049305,170.090593032205,-3.279466468111
422327162,3673.08,4.84,0,50.32691110540122,0.0,0.0,0.0,0.0,0.0,0.0,0.0,0.0,203.087562254455,-16.9479960400502
458681864,4195.05,4.66,0,48.83400977753081,0.0,0.0,0.0,0.0,0.0,0.0,0.0,0.0,129.774574761042,10.8030867261853
429344534,3592.01,4.4,0,24.999723044467828,0.0,0.0,0.0,0.0,0.0,0.0,0.0,0.0,188.49385289135,-10.6279788798375
436655389,3497.53,4.82,1,52.042193205868216,0.1041654679575003,0.1041654679575003,0.1041654679575003,108.38735103607178,108.38735103607178,108.38735103607178,0.0008006324118939,0.0192151778854554,72.7122021752194,15.1303361424045
445955879,3332.67,4.85,1,68.61323602610696,0.0486145772588315,0.0486145772588315,0.0486145772588315,19.435608386993408,19.435608386993408,19.435608386993408,0.0006072686420272,0.0145744474086531,102.166739339185,16.9294091604266
436706244,3598.79,4.61,3,52.04224441240467,0.2013878399633692,0.3958294712954284,0.1041661884617042,366.1783695220947,1060.889720916748,13.388538360595703,0.0024018948723549,0.0576454769365198,73.8890320343263,15.2218483735273
399735350,4116.36,4.53,20,152.2881625167529,0.1871559165558665,0.8750162557698786,0.0277795384422461,6158.015114056405,172154.37876835038,-48230.93695606863,0.0054720821340375,0.1313299712169016,21.5832371294451,1.72187882242821
49522674,4041.88,4.65,4,49.63908751923668,0.3246547480388244,0.6527873009613359,0.0416664197964564,42.505815625190735,78.72132062911987,19.0447211265564,0.0033575691052354,0.0805816585256503,175.301067130516,-4.49858229153115
59038942,3213.98,4.89,4,52.040942516480754,0.124997503201655,0.2499906132893556,0.0833319104158363,118.76986026763916,407.8857898712158,12.869536876678469,0.0032026066133196,0.0768625587196705,57.3728933198298,12.7229165704868
344816551,3445.88,4.44,3,127.48135856701084,0.3217602624627034,0.4791607335209846,0.0694484709038079,-164847.18223303952,27.94623374938965,-355374.89849863265,0.0009805355183306,0.0235328524399357,17.5631837084022,0.376780900711766
366354423,3549.22,4.06,1,48.833856574764695,0.2916690189988458,0.2916690189988458,0.2916690189988458,6.311023235321045,6.311023235321045,6.311023235321045,0.0008532331785607,0.0204775962854582,125.944639536745,10.6228507085287
281708045,3412.42,4.43,4,49.54873294138315,0.6076407089130385,1.1458143978557018,0.194447605962523,322.5658565759659,732.9108238220215,60.99783182144165,0.0033636917994217,0.0807286031861209,162.373693530104,0.482592113709385
248349546,3565.98,4.67,0,47.54201701265242,0.0,0.0,0.0,0.0,0.0,0.0,0.0,0.0,17.3126155725112,-1.52044154186343
240627410,3513.37,4.83,17,80.17255547934724,0.0890515844222564,0.34027596272972,0.0277777027654337,424.4055165964014,2929.081344604492,18.115854263305664,0.0088351098340105,0.212042636016252,339.435128018158,-15.3455083200938
435882001,3716.46,4.79,11,153.00276736190222,0.1635152117132334,0.8264308895704744,0.0277800104190646,-310925.73140219203,70748.1614633943,-3492931.366890215,0.0029955885193188,0.0718941244636533,64.4873448780359,14.0362672180273
145964101,3394.54,4.8,2,80.17271024931006,0.0451389640634261,0.0486112643357046,0.0416666637911475,157.03806281089783,258.2117795944214,55.86434602737427,0.0010394226797896,0.0249461443149505,341.584365791568,-15.8798385197858
176942929,3697.98,4.73,4,50.07629970017501,0.8732780482736189,1.5902932577737374,0.1041644062045179,467.3950254917145,1045.8313941955566,39.04768228530884,0.0033282544370203,0.0798781064884876,183.935621599334,-9.40364190757319
98673995,4206.13,4.68,0,24.99963493341602,0.0,0.0,0.0,0.0,0.0,0.0,0.0,0.0,186.23550967801,-10.5193854414758
248347002,3650.22,4.32,0,47.54202171614384,0.0,0.0,0.0,0.0,0.0,0.0,0.0,0.0,16.9515164000691,-0.324451727892376
4579953,3291.5,4.92,0,54.70857623238453,0.0,0.0,0.0,0.0,0.0,0.0,0.0,0.0,348.381431544386,-11.5831645021412
399695077,3524.09,4.77,0,47.54215561701585,0.0,0.0,0.0,0.0,0.0,0.0,0.0,0.0,20.3892886359252,1.4435335554582
176942891,3431.96,4.8,6,49.999055691185504,0.1736095600079655,0.2916670120719118,0.1041643718351679,20.281883080800373,32.09667205810547,2.533125877380371,0.0050000944326649,0.1200022663839581,184.016310407617,-9.22106810373341
82054762,3648.42,4.27,2,24.56280304777738,0.2291671121319041,0.2916682267457418,0.1666659975180664,1.7055094242095947,1.745617389678955,1.6654014587402344,0.0033926638246962,0.0814239317927102,176.598772506762,-5.34083082543854
435336120,3429.74,4.87,1,52.04084269697569,0.1041628189016137,0.1041628189016137,0.1041628189016137,13.196134567260742,13.196134567260742,13.196134567260742,0.0008006531890592,0.019215676537423,55.0269936737312,12.7637167719592
435882314,3412.06,4.81,0,26.02076238522227,0.0,0.0,0.0,0.0,0.0,0.0,0.0,0.0,64.4448983950483,14.8346064671487
389134424,4223.32,4.64,2,153.0053117144348,0.3854335948948346,0.416703190181579,0.3541639996080903,4053.398370742798,7601.667785644531,505.12895584106445,0.0005446434009354,0.01307144162245,75.1027505265315,16.443976542818
366631995,3481.36,4.43,2,48.83402326114333,0.1770886961763835,0.25000918564524,0.1041682067075271,25.364553928375244,40.7313346862793,9.997773170471191,0.0017064605323977,0.0409550527775453,130.122039096363,10.8500995354644
117357954,3306.34,4.97,0,48.87966087109498,0.0,0.0,0.0,0.0,0.0,0.0,0.0,0.0,131.982052418906,24.5191251164999
38159655,3643.45,4.75,11,74.75207444484886,0.1691941051262595,0.6736017364464715,0.0277773274710853,23343.099083683708,232919.3603515625,8.260273933410645,0.0061313794531747,0.1471531068761932,171.218532825053,-2.99867142371008
388814603,3526.27,4.77,0,47.54208554964089,0.0,0.0,0.0,0.0,0.0,0.0,0.0,0.0,18.4896718935747,0.748144388440403
374349858,3590.6,4.6,2,24.562091695604977,0.979157533155444,1.124978653082735,0.8333364132281531,1143.741226196289,1577.7692794799805,709.7131729125977,0.0033927620809364,0.0814262899424754,160.694208202294,0.223979616235279
98753190,3685.76,4.25,2,50.03493347067615,0.0937532736584216,0.1458383740550743,0.0416681732617689,658.9103937149048,676.6429424285889,641.1778450012207,0.001665503030641,0.0399720727353846,187.371425933559,-10.534017930375
188569903,4198.78,4.47,0,54.707498091896014,0.0,0.0,0.0,0.0,0.0,0.0,0.0,0.0,339.044236818942,-17.7572881597979
344242427,3376.96,4.88,16,151.64237688082403,0.1245685691118581,0.31249859649688,0.0277785417661107,21.8431258825076,173081.162760795,-224585.4770360416,0.0043963084751078,0.1055114034025886,21.9377946168449,1.85367768267294
4579928,4229.58,4.77,15,134.8823420766846,0.0495373670340086,0.1041661230847239,0.0277774930823397,-916.074770967972,361.421537399292,-14315.670378154602,0.0046336680574887,0.1112080333797292,348.410079157923,-11.6691018619319
399673099,3598.68,4.44,0,47.54213430158916,0.0,0.0,0.0,0.0,0.0,0.0,0.0,0.0,20.0663510415548,0.627641426514458
248347119,3643.24,4.29,1,47.542029344054754,0.0833325750415951,0.0833325750415951,0.0833325750415951,9.159111976623535,9.159111976623535,9.159111976623535,0.00087641750345,0.0210340200828017,17.100677948875,-0.115105520748842
248944679,3316.6,4.97,28,152.18359594726417,0.080111505832016,0.3125192070024241,0.0277784012018855,1359.913626165304,20811.9309499437,-5711.363579298737,0.0076661788637912,0.1839882927309903,20.2662582332713,-0.104697632651778
350475580,3413.62,4.54,1,25.113340790869188,0.0694493660676016,0.0694493660676016,0.0694493660676016,7617.666625976562,7617.666625976562,7617.666625976562,0.0016591447156969,0.0398194731767262,176.973753742625,7.75613279957173
248377567,4057.67,4.68,0,47.54204401929951,0.0,0.0,0.0,0.0,0.0,0.0,0.0,0.0,18.1684838954278,-1.55017749474067
8988229,3586.54,4.65,18,134.16126793487797,0.0844920103958833,0.2083376995778962,0.0277783864858065,273223.20437339327,4857416.826129602,16.79534912109375,0.0055902870593325,0.134166889423982,354.75851846412,-10.2087445847606
333608090,4095.33,4.34,0,47.54187706222933,0.0,0.0,0.0,0.0,0.0,0.0,0.0,0.0,12.8958147840732,-1.38300332745431
9700136,3772.34,4.69,0,54.70903252689436,0.0,0.0,0.0,0.0,0.0,0.0,0.0,0.0,357.882811997741,-8.40206497800953
49554679,3564.39,4.73,0,54.70863421396939,0.0,0.0,0.0,0.0,0.0,0.0,0.0,0.0,349.61253675271,-11.2416970629471
49456015,3553.74,4.63,0,24.562724715462537,0.0,0.0,0.0,0.0,0.0,0.0,0.0,0.0,174.552143454769,-5.40523237869583
374239434,3759.33,4.7,3,50.09996629418356,0.1319542686420997,0.1666827858375654,0.1041687707329401,716.9992566108704,1665.5975341796875,15.037047863006592,0.0024950116586108,0.059880279806661,158.939327069351,1.46422774484218
38160957,3366.47,4.85,10,74.75208597091614,0.0736124403804751,0.180556605660513,0.0277773172779234,27076.467225551605,195052.9052734375,18.794453144073486,0.0055739804616125,0.1337755310787007,171.282074279836,-3.33074516945704
240812195,3330.76,4.72,0,54.70757715804075,0.0,0.0,0.0,0.0,0.0,0.0,0.0,0.0,340.384802511228,-16.2938067061445
436651424,3460.97,4.58,0,52.04219134416962,0.0,0.0,0.0,0.0,0.0,0.0,0.0,0.0,72.6336819094511,15.3825395628898
173104321,3339.85,4.91,1,74.75220657996624,0.0347252197207126,0.0347252197207126,0.0347252197207126,293.1247472763061,293.1247472763061,293.1247472763061,0.0005573971468266,0.0133775315238386,172.516863275321,-5.31951976873198
145964277,3429.03,4.49,1,27.3538506598627,0.0833338256036313,0.0833338256036313,0.0833338256036313,1.452648639678955,1.452648639678955,1.452648639678955,0.0015232468431878,0.0365579242365074,341.677873004018,-14.2256838862266
344771789,3375.38,4.64,0,47.54203352661102,0.0,0.0,0.0,0.0,0.0,0.0,0.0,0.0,17.1396840970136,0.100812069607543
173108948,3615.9,4.63,6,74.75220461835806,0.4259296727813459,1.1458208347976324,0.0277797306675893,305.06145159403485,601.9204139709473,10.911846160888672,0.0033443829687212,0.0802651912493091,172.615736798191,-4.93827490253735
336957274,3660.12,4.68,11,151.73207928540887,0.2689430090452085,1.1875175056047738,0.0277784304303168,-7132.660298852553,5716.057239311764,-81027.24965414521,0.0030206752289422,0.0724962054946135,19.0371755089054,1.3290025919996
277893315,3244.34,4.01,4,50.09991054551756,0.1111214299504581,0.2639128040409559,0.0416704806025336,1021.0197806358336,2820.521545410156,273.3567237854004,0.0033266859132461,0.0798404619179081,157.399215788199,1.86477367819564
291074978,3320.25,4.65,0,25.113315251565385,0.0,0.0,0.0,0.0,0.0,0.0,0.0,0.0,178.160816159882,7.22573538623218
399702794,3435.45,4.84,1,47.54215953464086,0.1250001139262622,0.1250001139262622,0.1250001139262622,24.513518810272217,24.513518810272217,24.513518810272217,0.0008764151034474,0.0210339624827384,20.6875051731824,1.02931263706167
437030377,4133.45,4.71,1,48.89358395472709,0.0902868290459082,0.0902868290459082,0.0902868290459082,93.21185350418092,93.21185350418092,93.21185350418092,0.000852190886748,0.020452581281952,132.306305945508,11.3830872024402
336956764,3830.81,4.76,0,47.54210194433677,0.0,0.0,0.0,0.0,0.0,0.0,0.0,0.0,18.8055123580832,1.21338243177117
9709224,3748.22,4.72,19,24.764460718853115,0.0902801305482602,0.3472317337468666,0.0277786126384853,1285.129551511062,12877.748107910156,13.848984241485596,0.031967854081473,0.7672284979553523,358.082130840216,-7.70592294345576
344299641,3519.52,4.78,1,47.542252191741,0.3333402610539906,0.3333402610539906,0.3333402610539906,27.84750461578369,27.84750461578369,27.84750461578369,0.000876413395365,0.0210339214887619,22.9413315429053,2.60168466476085
432615994,3092.09,4.97,6,101.00440625255942,0.128477430352594,0.3541634102982698,0.0486153234037374,107.0736289024353,252.0769834518433,17.316484451293945,0.0024751395436638,0.0594033490479328,74.3069567344746,14.5422469825252
152773113,3266.5,4.98,2,24.562981886152784,0.6979376704525748,0.7708638723377135,0.6250114685674362,874.6082544326782,1414.2964363098145,334.920072555542,0.0033926391233595,0.0814233389606286,180.59177594104,-6.90150944954063
240716128,3345.04,4.52,0,54.707558487579945,0.0,0.0,0.0,0.0,0.0,0.0,0.0,0.0,339.727912405913,-15.7809310146045
344281038,3515.17,4.77,0,45.896334996727774,0.0,0.0,0.0,0.0,0.0,0.0,0.0,0.0,22.3787932123106,1.84716121995585
248353555,3770.15,4.54,1,47.542039110986025,0.1041669447533877,0.1041669447533877,0.1041669447533877,20.48658132553101,20.48658132553101,20.48658132553101,0.0008764173234008,0.0210340157616192,17.6297942127812,-0.644355429115007
248347110,3182.25,4.97,0,47.5420276499533,0.0,0.0,0.0,0.0,0.0,0.0,0.0,0.0,17.0348497986181,-0.084406272231778
380674582,3346.06,4.56,10,26.22187275040505,0.1541651234080291,0.4791571865102924,0.0277771400324127,21687.8518140316,56477.197265625,15.582060813903809,0.0158900422800743,0.3813610147217852,191.820208859611,2.08841114992389
269594419,4156.92,4.4,0,47.5419916285839,0.0,0.0,0.0,0.0,0.0,0.0,0.0,0.0,16.3268854613888,-1.06323152330003
248944661,3590.23,4.75,11,97.71770102291998,0.6540757232675208,4.687788622714379,0.0277783921319496,12623.8442865285,70967.7978515625,7.067525386810303,0.0046903818707915,0.1125691648989973,20.2614414158986,-0.0371129394006358
436674946,3390.8,4.87,2,49.85474669030714,0.166665103000696,0.2499972949076436,0.0833329110937484,86.80596351623535,159.80737209320068,13.80455493927002,0.0016715225503198,0.0401165412076769,73.4055879294273,13.7305261287604
4520656,3575.46,4.34,0,54.70854861686757,0.0,0.0,0.0,0.0,0.0,0.0,0.0,0.0,347.870698038893,-11.9203914447876
12822707,4224.81,4.6,1,54.70746996241997,0.0833312034267237,0.0833312034267237,0.0833312034267237,16.913795471191406,16.913795471191406,16.913795471191406,0.0007616266424912,0.018279039419789,338.024574788649,-16.9053756307645
277839726,3544.93,4.76,15,74.66287626410485,0.1138926666982115,0.3888997848607687,0.0277779382531662,310.10652383168537,2258.0101013183594,15.314388275146484,0.0083709606604115,0.2009030558498781,156.490640758515,2.26078421625734
38142111,4083.23,4.75,1,24.562535295244743,0.479166741292147,0.479166741292147,0.479166741292147,188.2176399230957,188.2176399230957,188.2176399230957,0.0016963504038092,0.0407124096914213,170.782204202252,-2.84150960904494
248385240,3674.53,4.74,0,47.54208707205976,0.0,0.0,0.0,0.0,0.0,0.0,0.0,0.0,19.0238605142159,-0.399034199930801
98668555,4031.15,4.66,0,24.99960875380225,0.0,0.0,0.0,0.0,0.0,0.0,0.0,0.0,186.007586601947,-9.52499774552869
348668074,4195.7,4.67,2,52.041176556816254,0.2812436285715876,0.395821943878218,0.1666653132649571,2632.7746391296387,5146.20475769043,119.34452056884766,0.0016012961052553,0.0384311065261272,62.5476440555792,14.025315976479
248349579,3475.9,4.81,0,40.45853986051134,0.0,0.0,0.0,0.0,0.0,0.0,0.0,0.0,17.2486880735585,-1.71797531280703
183650482,4122.46,4.49,2,24.999528677083617,0.1041655955900751,0.1041667759886877,0.1041644151914624,188.36960792541504,358.8427543640137,17.896461486816406,0.0033333961775736,0.0800015082617675,184.240362393349,-8.78929629119326
47350480,3407.79,4.81,1,24.56215982700064,0.1458343940967097,0.1458343940967097,0.1458343940967097,5.647242069244385,5.647242069244385,5.647242069244385,0.0016963763349859,0.0407130320396629,162.292176374152,-0.163934616115947
111058396,3834.41,4.65,0,25.04142981015343,0.0,0.0,0.0,0.0,0.0,0.0,0.0,0.0,189.392894157149,-10.9249371365783
49417033,4035.27,4.31,4,49.63894207247108,0.0850697515719502,0.1319431046663339,0.0277781512563706,136.85365617275238,278.0750036239624,14.763665199279783,0.0033575789432284,0.0805818946374832,173.460259917477,-4.46785877420438
38161012,3865.2,4.63,1,24.56255805097362,0.4375004711203019,0.4375004711203019,0.4375004711203019,319.5891857147217,319.5891857147217,319.5891857147217,0.0016963488322428,0.0407123719738287,171.25019985722,-3.10996286296465
336956844,3456.51,4.79,0,47.54209916521586,0.0,0.0,0.0,0.0,0.0,0.0,0.0,0.0,18.8564323261861,0.887291088613024
176944028,4166.15,4.64,0,24.99952947047564,0.0,0.0,0.0,0.0,0.0,0.0,0.0,0.0,184.074741613042,-9.1882109604578
98676955,3490.96,4.91,1,24.999641447389426,0.4999911224213065,0.4999911224213065,0.4999911224213065,17.15494394302368,17.15494394302368,17.15494394302368,0.0016666905705168,0.0400005736924048,186.532188412856,-10.2483187852584
436728244,3994.46,4.66,4,52.04225188449914,0.1875013984035263,0.3749964557262046,0.0833346337706189,412.3261272907257,1604.2173385620115,12.55650520324707,0.0032025260366626,0.0768606248799046,74.1346631817297,14.6859343709034
303761200,3934.08,4.33,3,52.042325029994345,0.3819491997217786,0.5624964575108606,0.1666690769752676,358.3011468251546,1059.5484733581543,1.475393772125244,0.0024018911516339,0.0576453876392141,75.8502747716475,14.5652551241681
240849807,3804.15,4.49,0,54.70760156890879,0.0,0.0,0.0,0.0,0.0,0.0,0.0,0.0,340.737977901101,-15.7058942260377
248391347,4118.53,4.32,0,47.542114867813325,0.0,0.0,0.0,0.0,0.0,0.0,0.0,0.0,19.7097536117423,0.0336559130447295
443965075,3832.47,4.75,2,48.83401055689569,0.1666715652831953,0.2291749785624688,0.1041681520039219,31.69461488723755,50.08834600448608,13.300883769989014,0.0017064609763362,0.0409550634320692,129.891393221012,11.197331544479
436591533,3341.06,4.85,2,26.02106973337186,0.1979144065318223,0.3124956917160943,0.0833331213475503,96.4209496974945,183.3281755447388,9.513723850250244,0.0032025329545333,0.0768607909088,71.6493332938463,14.1495722310065
366443946,3257.88,4.89,1,48.83387452919237,0.2291737529540114,0.2291737529540114,0.2291737529540114,17.411231994628906,17.411231994628906,17.411231994628906,0.0008532328648581,0.0204775887565958,126.61370085034,11.598250296771
203233724,3862.2,4.4,0,24.9995703818488,0.0,0.0,0.0,0.0,0.0,0.0,0.0,0.0,184.487786761981,-10.610352640671
49622105,3462.24,4.78,0,54.7086928208289,0.0,0.0,0.0,0.0,0.0,0.0,0.0,0.0,350.742446215067,-10.6385098141176
423612380,4012.84,4.75,1,54.70883734456265,0.1458366605136234,0.1458366605136234,0.1458366605136234,20.92118263244629,20.92118263244629,20.92118263244629,0.0007616076065416,0.0182785825569986,353.74797267855,-9.64096076413966
281724334,3426.69,4.81,1,24.56214641898873,0.7708204237815153,0.7708204237815153,0.7708204237815153,55.2159309387207,55.2159309387207,55.2159309387207,0.0016963772610057,0.0407130542641383,162.410475951736,0.913214337039951
4602704,4159.25,4.38,0,54.70859582336948,0.0,0.0,0.0,0.0,0.0,0.0,0.0,0.0,348.871635052858,-11.6373538219746
374296620,4145.92,4.66,2,24.56206400799601,0.5416625267783957,0.6041684912995606,0.4791565622572307,46.8547523021698,71.22130393981934,22.488200664520264,0.0033927659054306,0.0814263817303347,159.952855479131,0.175562549966595
9710056,3412.39,4.9,0,54.70904081581875,0.0,0.0,0.0,0.0,0.0,0.0,0.0,0.0,358.24664606501,-8.74737742332869
415335918,4153.03,4.36,2,52.04099334803027,0.2395765064728721,0.3124888860058945,0.1666641269398496,291.5898382663727,538.4923934936523,44.68728303909302,0.0016013017425711,0.038431241821707,58.7866689599266,11.5632681879642
176878696,4183.09,4.3,1,24.999510928293603,0.1249971923302837,0.1249971923302837,0.1249971923302837,165.07856845855713,165.07856845855713,165.07856845855713,0.0016666992720849,0.0400007825300387,183.059509051643,-10.2889604969944
27650354,3635.96,4.52,2,48.83373616081394,0.1562537545260056,0.2291725012321421,0.0833350078198691,33.97459387779236,53.95357608795166,13.995611667633057,0.0017064705649166,0.0409552935579988,123.482201418421,12.8147679485552
53190692,3243.53,4.91,0,24.562342681353584,0.0,0.0,0.0,0.0,0.0,0.0,0.0,0.0,166.603834288407,-1.08118181610087
49465026,3567.03,4.26,0,24.562730210710697,0.0,0.0,0.0,0.0,0.0,0.0,0.0,0.0,174.902540222892,-4.91110631746681
269557575,3362.83,4.91,0,47.54197776939122,0.0,0.0,0.0,0.0,0.0,0.0,0.0,0.0,15.4885730250919,-0.102834514969067
47380328,3407.64,4.59,0,24.562183011212937,0.0,0.0,0.0,0.0,0.0,0.0,0.0,0.0,162.912657407829,-0.114761554387541
49427320,3318.17,4.61,1,24.56268981373092,0.1666676732229461,0.1666676732229461,0.1666676732229461,97.98617362976074,97.98617362976074,97.98617362976074,0.0016963397324414,0.0407121535785948,173.903734101148,-4.81608026957955
173145074,3435.27,4.79,0,24.56262914731542,0.0,0.0,0.0,0.0,0.0,0.0,0.0,0.0,172.822300890343,-3.69593532238855
6991970,3383.38,4.94,2,48.83385219640081,0.145836093959133,0.145837727468006,0.1458344604502599,19.578713178634644,20.31899690628052,18.83842945098877,0.0017064665101205,0.0409551962428924,126.187129391479,12.1305445615881
173145833,3843.63,4.75,1,24.562651094225203,0.3333350335574323,0.3333350335574323,0.3333350335574323,75.26012659072876,75.26012659072876,75.26012659072876,0.0016963424064783,0.040712217755481,173.003955954191,-4.59237315935141
38159769,3847.25,4.74,3,24.56256414377821,0.0902781368103357,0.1041667575702831,0.0833334635271967,65.79421361287434,115.55771827697754,20.60847282409668,0.005089045234378,0.1221370856250735,171.206590410702,-3.57704218769795
38064629,3630.99,4.66,3,24.56247371003633,0.3472237905195167,0.562498514427034,0.0833315687655158,186.5823745727539,476.4973640441895,38.6337161064148,0.0050890639711473,0.1221375353075365,169.333165657051,-2.54257094288715
7024655,3521.91,4.84,0,24.41693576804801,0.0,0.0,0.0,0.0,0.0,0.0,0.0,0.0,126.717980529001,12.220976748551
422327982,4231.09,4.66,2,25.00038073395467,0.1041682190372057,0.1250019483682081,0.0833344897062033,309.4062209129333,451.003885269165,167.80855655670166,0.0033332825695791,0.0799987816698994,203.145676081401,-16.4101468488154
186818099,3598.69,4.37,0,48.83377515575421,0.0,0.0,0.0,0.0,0.0,0.0,0.0,0.0,124.530648761076,13.1942393349896
396742522,3875.89,4.75,2,24.41711507746845,0.3020911501876071,0.3333387223092359,0.2708435780659783,6.04206919670105,8.507287502288818,3.576850891113281,0.0034129066054257,0.0819097585302185,130.651201552331,10.0832364078546
