,EPIC ID,Teff,logg,Flare #,Observation time,Average flare duration,Longest flare duration,Shortest flare duration,Average percentage increase,Highest percentage increase,Lowest percentage increase,Flares per hour,Flares per day,RA,Dec
0,213439082,4103.376,4.6624,0.0,81.33890421527758,0.0,0.0,0.0,0.0,0.0,0.0,0.0,0.0,289.55087445499,-29.42046855177
1,248442622,4173.1143,4.2693,12.0,79.66380258346908,0.1685618210425067,0.5312252961375634,0.0817267348975292,1.4461437861124675,2.9233932495117188,0.3738522529602051,0.0062763762685834,0.1506330304460021,155.81970881415,1.20554896513
2,249253853,3882.665,4.6602,4.0,87.97947175799345,0.1532383331596065,0.2247480047226417,0.1021581846725894,0.917014479637146,1.4908790588378906,0.3233909606933594,0.0018943813066429,0.0454651513594314,229.92948116284,-24.97258312459
3,220209793,4213.1885,4.6687,6.0,78.6826401570579,0.1464263852879715,0.2451798140245955,0.0817264924844494,0.7606625556945801,1.7312288284301758,0.2974748611450195,0.0031773209376423,0.0762557025034167,19.42866419803,0.35043661866
4,205924604,3656.4272,4.2284,19.0,69.14089136179973,0.1548500485598771,0.326905175425054,0.0817262304408359,1.2714486373098273,3.076004981994629,0.2600669860839844,0.0114500500510478,0.2748012012251476,334.01280516893,-17.25111352198
5,211314705,3607.449,4.7787,11.0,74.80076897127583,0.1281633527561842,0.2860436613045749,0.0817267966849613,1.0910001668063076,1.9565582275390625,0.666201114654541,0.0061273879886092,0.1470573117266227,129.12991937474,10.14721518308
6,201184549,3709.1501,4.7704,3.0,79.97018315747846,0.0953482253874729,0.1021592920151306,0.0817267448728671,0.354162851969401,0.4714846611022949,0.2825856208801269,0.0015630825773382,0.037513981856117,171.05682518123,-4.46853720575
7,205911796,4242.5005,4.6856,3.0,69.14103274890658,0.1430222213602974,0.1634551528695738,0.1225893095688661,1.0078827540079751,1.403510570526123,0.7458329200744629,0.001807898942643,0.0433895746234343,338.85395198036,-17.73306118651
8,211345931,4001.2856,4.7157,2.0,74.80076073768578,0.1328083542903186,0.1430242690694285,0.1225924395112088,1.1236011981964111,1.150071620941162,1.0971307754516602,0.0011140706660132,0.0267376959843186,129.38848875017,10.7393081675
9,251364386,4211.001,4.662,8.0,79.53489998004079,0.2324534037143166,0.9604632756090724,0.1021782586612971,0.5012452602386475,1.040041446685791,0.1721024513244629,0.0041910322816396,0.1005847747593521,139.9634643377,22.26007468911
10,249114983,4182.1113,4.3229,26.0,87.9795513467252,0.1854573916294052,0.4699277224135585,0.1021582985267741,0.8605205095731295,1.6203045845031738,0.5194664001464844,0.0123134673540666,0.2955232164976001,232.39904767645,-26.74279481666
11,201405299,4226.5693,4.2153,4.0,79.97007742023561,0.1123746614193805,0.122590943108662,0.1021582914327154,0.815930962562561,1.1028647422790527,0.603032112121582,0.002084112858749,0.0500187086099761,166.62262554271,-0.87840006216
12,201376427,4123.4873,4.6712,0.0,79.97008484660182,0.0,0.0,0.0,0.0,0.0,0.0,0.0,0.0,166.70763790748,-1.31774996389
13,246923957,4227.9966,4.6517,7.0,80.5421728904621,0.1284281583357369,0.1634539760198095,0.0817273047214257,0.4221524511064802,0.5281567573547363,0.3161072731018066,0.0036212912589698,0.0869109902152757,77.67404837985,16.98614829091
14,245973053,3531.7686,4.8287,2.0,78.86652966168185,0.1123734802386025,0.122589216203778,0.1021577442734269,3.045046329498291,3.0840158462524414,3.0060768127441406,0.0010566375075816,0.0253593001819594,355.69442280111,-10.19449513878
15,246740198,3860.2808,4.7339,8.0,80.54202610412904,0.1455759798163853,0.2451797229878138,0.0817265368459629,0.593113899230957,0.8770942687988281,0.3925442695617676,0.0041386261242345,0.0993270269816303,72.44708749705,15.06482976583
16,249253386,4218.924,4.4165,3.0,87.97947426208702,0.1021594513489011,0.1430217052547959,0.0817275917943334,1.1545817057291667,1.508784294128418,0.7286667823791504,0.0014207859395434,0.0340988625490433,230.10019861852,-24.97861882773
17,205910644,3426.2656,4.8061,3.0,69.14101342594222,0.102158558331818,0.1430209432000992,0.0817266638550791,6.422881285349528,12.475383281707764,3.253173828125,0.0018078994478998,0.0433895867495974,338.25639300074,-17.78041588012
18,212878593,3800.0884,4.7079,9.0,67.04867997996189,0.12715507066039,0.2043564576597418,0.0817425729401293,0.377255015903049,0.4881739616394043,0.2000093460083007,0.0055929512723005,0.1342308305352131,203.07984055832,-2.82047653902
19,211336747,3708.2605,4.7477,15.0,74.80080426851782,0.1743528228898261,0.3473413998872274,0.1021590235613985,2.5464479128519693,4.811298847198486,1.0625600814819336,0.0083555251325425,0.2005326031810222,132.02583268068,10.57253889
20,213488455,3544.6018,4.3625,10.0,81.33893077287212,0.1144185158016625,0.1634586085347109,0.0817264072466059,4.970062971115112,7.783663272857666,2.955043315887451,0.0051225982774491,0.1229423586587785,290.83049950355,-29.24742249537
21,210456166,3468.143,4.5831,17.0,70.83715771949937,0.1310039857006118,0.2247477286218782,0.081726175492804,0.9151297457077924,2.1287083625793457,0.3553032875061035,0.0099994601158079,0.2399870427793915,65.59770543833,14.63808754738
22,249159746,4084.8223,4.6736,18.0,87.9794912251964,0.1906971861054545,0.7355490378395189,0.0817275543158757,1.821316613091363,6.557321548461914,0.8965611457824707,0.0085247139936313,0.2045931358471528,229.37365519865,-26.19014362098
23,249165479,3820.6404,4.6897,1.0,87.97962911448849,0.1430270187993301,0.1430270187993301,0.1430270187993301,1.7983317375183103,1.7983317375183103,1.7983317375183103,0.0004735944796089,0.0113662675106153,236.47446347224,-26.1165616357
24,210349838,3378.5652,4.667,2.0,70.85741220457567,0.1021597746148472,0.1225932622110121,0.0817262870186823,4.373747110366821,4.417192935943604,4.330301284790039,0.0011760707982495,0.0282256991579894,60.99813227757,12.21688723
25,248468751,3845.04,4.7182,3.0,79.66387057735119,0.1702701208802561,0.2043244497399428,0.1225942690944066,0.6572484970092773,0.7423043251037598,0.525820255279541,0.0015690927279089,0.0376582254698143,159.33617485959,2.12120201951
26,251594809,3715.57,4.4958,18.0,67.04863790420495,0.2066218321516418,1.3078295152736246,0.1021744285681052,0.7210890452067057,2.101993560791016,0.2680182456970215,0.0111859095642115,0.268461829541076,202.82006300722,-1.43894079638
27,251589349,3387.9058,4.0878,26.0,67.04871537243162,0.1587675841664559,0.3065260676885373,0.1021743498713476,1.8052518367767327,5.519723892211914,0.7628202438354492,0.0161574062577605,0.3877777501862535,205.48687758725,-1.55848514618
28,251583764,4099.904,4.6897,12.0,67.04868084516056,0.1924357618742457,0.4904560899012722,0.1021784313925309,1.1530737082163494,1.951289176940918,0.3858447074890136,0.0074572682668385,0.1789744384041246,204.0793647544,-1.67906794967
29,245998121,3820.846,4.7063,12.0,78.86653210000077,0.1294006677683986,0.2247476398188155,0.0817263006101711,0.9073356787363688,1.913046836853028,0.5248308181762695,0.0063398248494813,0.1521557963875513,355.83031052724,-9.53400837785
30,228728919,3537.5957,4.6599,3.0,68.05822882468055,0.2383722232189029,0.3064796900362125,0.1430218445166247,3.836441040039064,4.987287521362305,1.7431378364562988,0.0018366625485068,0.0440799011641643,183.74001737476,-9.91783003068
31,251380949,3716.9492,4.7132,1.0,79.5348237219514,0.1226125138200586,0.1226125138200586,0.1226125138200586,0.5951404571533203,0.5951404571533203,0.5951404571533203,0.0005238795375008,0.0125731089000201,136.87319243008,23.51637526537
32,212295535,3753.1538,4.3488,2.0,78.88735324873414,0.1634546533859975,0.2043167066076421,0.1225926001643529,40.64244031906128,62.43373155593872,18.85114908218384,0.0010563585910986,0.0253526061863673,204.16880050218,-17.66629190202
33,202067525,3793.1123,4.7348,6.0,36.26618451390095,0.30987964165494,0.6742437586362939,0.1021581516615697,4.3654342492421465,5.825316905975342,2.4437546730041504,0.0068934739992891,0.1654433759829402,102.79931811895,15.7630673569
34,202084610,4001.6108,4.7106,19.0,36.266229519715125,0.229049364970323,0.653812675307563,0.1021580535089015,0.8045428677609092,1.218557357788086,0.4924297332763672,0.0218293072412255,0.5239033737894142,95.38651415742,15.57310579209
35,211537249,4200.127,4.6621,7.0,125.61451116890385,0.1605358475239232,0.3269089033929049,0.1021583017864031,1.2953451701572962,5.811595916748047,0.4343271255493164,0.0023219185741564,0.0557260457797559,123.66716117729,13.66332619729
36,245934486,3702.27,4.8533,13.0,86.10045995451219,0.2750473755144272,1.2667933998964145,0.0817265667647006,1.194878724905161,3.968429565429688,0.4543304443359375,0.0062911007322473,0.1509864175739368,348.91315472095,-11.49243389009
37,205929676,4239.5273,4.5019,4.0,69.14105347042641,0.1583459187204425,0.1838896799963549,0.1021577172723482,0.5733668804168701,1.2284517288208008,0.3037691116333008,0.0024105312010895,0.0578527488261502,339.5185154496,-17.06476332925
38,201183294,4075.4885,4.6596,0.0,79.97017488221172,0.0,0.0,0.0,0.0,0.0,0.0,0.0,0.0,170.30113942305,-4.49856390694
39,246050424,4086.9397,4.1318,0.0,78.8665766587801,0.0,0.0,0.0,0.0,0.0,0.0,0.0,0.0,357.1569001118,-8.24599704471
40,211314440,3381.4133,4.7004,3.0,74.80082874472282,0.0953487491472818,0.102159010413743,0.0817285200973856,1.938474178314209,3.063297271728516,1.100170612335205,0.0016711044796922,0.0401065075126142,132.88395900122,10.14221485737
41,220167475,4193.135,4.6683,2.0,78.68249321111944,0.1328065732777759,0.1838867928963736,0.0817263536591781,5.473423004150391,8.041608333587646,2.9052376747131348,0.0010591089571823,0.0254186149723755,13.47422532608,-1.30398579853
42,220196985,4112.401,4.6274,7.0,78.68257728696335,0.1546983053205102,0.2860465823541744,0.0817277607129653,0.3911546298435756,0.5020976066589355,0.2869367599487304,0.00370687738917,0.0889650573400803,17.29658127517,-0.11749905166
43,251390627,4210.518,4.5467,6.0,79.51439937278337,0.1260182322427378,0.1839185700882808,0.0817419477898511,0.8318086465199789,1.1566400527954102,0.5693793296813965,0.0031440846182832,0.0754580308387981,138.34860965938,24.19136741891
44,220243722,4130.032,4.6447,2.0,78.6826183552621,0.2656195611598377,0.4086456308796187,0.1225934914400568,0.4449963569641113,0.4584789276123047,0.4315137863159179,0.001059107272677,0.0254185745442499,18.82082535567,1.43468240746
45,202135872,3464.6091,4.7606,21.0,36.26621477652952,0.1410758150762246,0.4086324567979318,0.1021581558088655,1.486788477216448,2.0897746086120605,0.8455395698547363,0.0241271388644142,0.5790513327459421,97.33967547457,15.33538708504
46,248443207,4047.1616,4.7559,31.0,79.66384288889822,0.2194768215678425,0.8581305877451086,0.081726883930969,0.9591833237678774,3.109407424926758,0.4496693611145019,0.0162139638238148,0.3891351317715567,157.50317506807,1.22841459223
47,248428938,3690.7031,4.7491,9.0,79.6639229595894,0.1634539473452605,0.3064757075844682,0.0817271806226926,0.4285507731967502,0.5026817321777344,0.3094315528869629,0.0047072750885017,0.1129746021240426,159.79792283472,0.69231294488
48,228716992,3515.0718,4.5456,4.0,69.12073054703069,0.1787783233685331,0.3064765158560476,0.0817283953001606,0.5696862936019897,0.6899714469909668,0.4646897315979004,0.0024112399470845,0.0578697587300288,189.37981431886,-10.50148572667
49,245925302,3453.326,4.6511,8.0,78.86644491959305,0.1455754339713166,0.2656101538159419,0.0817264487195643,5.396881699562073,13.88169527053833,2.598404884338379,0.0042265545717596,0.1014373097222306,352.41900402391,-11.94655146535
50,220208389,4024.05,4.6807,4.0,78.68267904384993,0.1328075683250063,0.1838844620797317,0.1021587296199868,1.868334412574768,2.4985909461975098,0.5950450897216797,0.0021182129115581,0.0508371098773949,20.57025306354,0.29848933392
51,205961974,3758.0464,4.7209,8.0,69.14108330790623,0.1174813051475212,0.1430207189187058,0.0817260231051477,1.2291863560676577,1.3868212699890137,1.1029839515686035,0.0048210603216744,0.1157054477201864,340.38734053092,-15.98094334324
52,206017207,3410.2268,4.4241,4.0,69.14113640627329,0.1430207632274687,0.1838837887989939,0.1021578100262559,2.8628766536712646,6.593680381774902,1.3379335403442385,0.0024105283096206,0.0578526794308962,341.71519327367,-14.32736212024
53,248418146,4149.7593,4.6792,2.0,79.66402416571509,0.091942766583088,0.102158353824052,0.0817271793421241,0.801926851272583,1.0293126106262207,0.5745410919189453,0.0010460598018496,0.0251054352443915,162.46910286275,0.28018710348
54,205911100,4207.676,4.6341,9.0,69.14087458192807,0.1611837723159826,0.3473445804702351,0.0817261246193084,3.099585904015435,12.932658195495604,0.3716588020324707,0.0054237092352027,0.1301690216448665,333.23124510883,-17.76124943668
55,205938176,4051.4832,4.6557,4.0,69.14098848186404,0.1328066212809062,0.1838868590202764,0.0817261323318234,1.1641204357147217,2.2079825401306152,0.7378101348876953,0.0024105334668506,0.0578528032044149,337.54756842597,-16.76744831962
56,201372271,3771.4639,4.5933,20.0,79.97009397612419,0.1276989864381903,0.3064779581254697,0.0817268254395457,0.8598035573959351,2.7239203453063965,0.3726720809936523,0.0104205621364173,0.2500934912740153,168.29339489849,-1.38000049093
57,245964562,4201.898,4.6683,32.0,78.86640299168357,0.2668901589504457,3.0443467951990897,0.0817261675401823,2.274572104215622,6.187748908996582,0.799405574798584,0.0169062272749263,0.4057494545982322,351.07326242547,-10.42960310936
58,251378560,3536.023,4.6721,12.0,79.53482399343193,0.156671075759732,0.265659643948311,0.0817412823525955,0.5890935659408569,0.8737683296203613,0.3256559371948242,0.0062865544285518,0.1508773062852439,136.69632161898,23.34728087242
59,201248254,3658.7505,4.3971,0.0,79.970157343545,0.0,0.0,0.0,0.0,0.0,0.0,0.0,0.0,171.17076502234,-3.23454739695
60,228716608,4170.588,4.5266,5.0,69.12070481132832,0.1185039168689399,0.1634542115352815,0.0817266108861076,0.7165169715881348,1.311492919921875,0.3260254859924316,0.0030140510560764,0.072337225345835,185.07806725526,-10.52017363487
61,201149639,4101.4097,4.5385,2.0,79.97023656207602,0.1021604469715384,0.1021606267167953,0.1021602672262815,0.3953635692596435,0.4419445991516113,0.3487825393676758,0.0010420543556682,0.0250093045360385,173.2612350936,-5.30351032172
62,211382837,4121.6245,4.625,2.0,74.80072334298893,0.1123744177020853,0.143022008218395,0.0817268271857756,0.8116781711578369,1.00022554397583,0.6231307983398438,0.0011140712229642,0.0267377093511417,126.8929478754,11.36892962892
63,205908577,4189.722,4.6521,0.0,69.14103127113049,0.0,0.0,0.0,0.0,0.0,0.0,0.0,0.0,338.79586987016,-17.86384497443
64,211324854,4201.7134,4.5256,12.0,125.61470196123264,0.1651580715012338,0.5108021015767008,0.0817266211306559,0.9033064047495524,2.837884426116944,0.3549337387084961,0.0039804257956549,0.095530219095719,126.40530749868,10.34865851666
65,211376293,3818.0864,4.487,13.0,74.80077705923031,0.2373243002025097,1.1442021695911535,0.1021582243120065,0.6911167731651893,1.0000348091125488,0.4897117614746094,0.0072414577489984,0.1737949859759621,131.17635055532,11.26138979195
66,210420401,3540.1875,4.7663,10.0,70.85757933250716,0.3677691669559862,2.860424724611221,0.0817263454591739,5.462038516998291,15.044987201690674,0.530242919921875,0.0058803401215755,0.141128162917814,65.28269486967,13.92465020658
67,212298996,3719.2883,4.4913,2.0,78.88729354164388,0.1430251567944651,0.2043223989676335,0.0817279146212968,0.6292402744293213,0.8335351943969727,0.4249453544616699,0.0010563593906202,0.0253526253748864,200.45177518134,-17.56118702619
68,245916005,3486.113,4.7658,9.0,77.88574013519974,0.2565320274532294,0.7968393738483428,0.0817267605889355,1.4577428499857583,2.221691608428955,0.798499584197998,0.0048147452839126,0.1155538868139038,353.07850903877,-12.49913999986
69,228744917,4199.864,4.5868,9.0,68.79377254746214,0.1793466601318666,0.2860465798003133,0.1225914399692555,3.38088141547309,17.789018154144287,0.9538531303405762,0.0054510748010116,0.1308257952242803,182.36692712634,-9.15189852701
70,211519237,3313.464,4.9273,47.0,125.61450494320889,0.1921452000120127,0.7355392527533695,0.0817265706791658,7.769051764873748,53.39679718017578,1.2773394584655762,0.015590025484865,0.3741606116367612,123.15391792715,13.40986973702
71,211307660,4057.239,4.6733,94.0,74.80075675535045,0.2780023829273364,1.4302174027761794,0.0817265501682413,160.30513935900748,431.9900512695313,2.4097204208374023,0.0523613240903008,1.2566717781672208,127.76374131588,10.00544336518
72,220232200,3614.9526,4.6136,0.0,78.68271024757996,0.0,0.0,0.0,0.0,0.0,0.0,0.0,0.0,21.49267469452,1.13131215159
73,249101572,3488.642,4.8554,1.0,87.97957705250883,0.1225917601113906,0.1225917601113906,0.1225917601113906,2.25679874420166,2.25679874420166,2.25679874420166,0.0004735947598588,0.0113662742366125,233.50605228452,-26.90675422497
74,211426339,4060.9692,4.6986,11.0,74.80074029445677,0.1393076343010761,0.1838852709988714,0.1225907459011068,0.3437616608359597,0.4286527633666992,0.2125859260559082,0.0061273903377036,0.1470573681048872,129.56156458457,12.03600122068
75,205912386,3473.4,4.9225,13.0,69.140991054177,0.2074641384494428,0.5516707483839127,0.0817264708894072,1.2958389062147877,3.339362144470215,0.4262208938598633,0.0078342334758006,0.1880216034192156,337.55299273492,-17.70962740185
76,202085297,4089.6013,4.6233,0.0,36.266197222263145,0.0,0.0,0.0,0.0,0.0,0.0,0.0,0.0,98.88965287591,16.33136660944
77,202135853,3466.7173,4.0021,7.0,36.266212801892834,0.0992397719237487,0.1225906929321354,0.0817266897574882,22.284129687717986,150.5723476409912,0.643765926361084,0.0080423800593659,0.1930171214247838,97.72023332944,15.22629423071
78,211357190,3773.6135,4.627,0.0,74.8008344772461,0.0,0.0,0.0,0.0,0.0,0.0,0.0,0.0,133.92689621385,10.94261428062
79,228759869,3753.2034,4.7846,3.0,69.1206766544201,0.1089695680857403,0.1430227382006705,0.0817273510547238,1.3594627380371094,3.263247013092041,0.3609180450439453,0.0018084313703258,0.0434023528878193,181.96035707749,-8.48811988156
80,211408841,3704.3335,4.6839,15.0,79.53478419464227,0.1335118724052639,0.1839197439039708,0.0817412595424684,1.9970377286275227,4.693639278411865,0.7387876510620117,0.0078581969678884,0.1885967272293227,131.33722897829,11.77568448992
81,211333549,3558.5913,4.4073,10.0,125.6146992134527,0.1082894040671817,0.1430254170336411,0.0817271161213284,1.612250804901123,8.419251441955566,0.3417491912841797,0.0033170215689378,0.0796085176545091,126.50256231003,10.51261900088
82,248429400,4105.465,4.6389,25.0,79.66394120478071,0.2010481363942381,0.5720876717969077,0.1021583397960057,2.1070261001586914,4.5204758644104,1.275038719177246,0.0130757611400244,0.3138182673605875,160.39659940584,0.71030858827
83,220202259,3640.68,4.4548,6.0,78.68256924266461,0.1123741842517726,0.1225907109765103,0.1021575457925791,0.6393074989318848,1.1305570602416992,0.3919720649719238,0.0031773238012726,0.0762557712305431,17.03574804546,0.07798961433
84,246915239,3470.72,4.8582,5.0,80.54212756322522,0.2370084898037021,0.5107897422203678,0.122589391292422,1.0622549057006836,1.717531681060791,0.6409525871276855,0.0025866380692488,0.0620793136619717,76.37898033994,16.90071007225
85,251620682,3686.2563,4.6276,41.0,67.0281291795618,0.1694654500848051,0.5517630134490901,0.0817426672074361,1.4680955468154535,3.2090306282043457,0.507962703704834,0.0254868120928286,0.6116834902278864,201.0396812689,-0.79334130986
86,220232535,3924.1294,4.582,4.0,78.68264223460574,0.1225900021090637,0.1634550802264129,0.0817260278709,6.658345460891724,14.724814891815186,0.9855389595031738,0.0021182139024986,0.0508371336599667,19.55228672357,1.14322369599
87,201283422,3683.0645,4.8142,2.0,79.9701396872988,0.1021597404505882,0.1021610630414215,0.1021584178597549,0.5622148513793945,0.5993366241455078,0.5250930786132812,0.0010420556179992,0.0250093348319816,170.61499725138,-2.70167393799
88,210384192,4087.752,4.4975,0.0,70.8572094983756,0.0,0.0,0.0,0.0,0.0,0.0,0.0,0.0,54.91582500546,13.09533102852
89,211402150,3742.6501,4.6363,1.0,74.80076459417614,0.0817286332530784,0.0817286332530784,0.0817286332530784,0.4195451736450195,0.4195451736450195,0.4195451736450195,0.0005570353042876,0.0133688473029038,130.8419590069,11.67348073762
90,220153480,3428.0586,4.8747,2.0,78.68258955015335,0.1123738971218699,0.143021758805844,0.0817260354378959,13.303130865097046,25.30044317245484,1.3058185577392578,0.0010591076604083,0.0254185838498003,17.3696322916,-1.76798966953
91,248431552,3882.6907,4.6601,19.0,79.66385667503346,0.1849620797779368,0.9194257332201232,0.0817270886473124,2.6346903098256966,9.742391109466553,0.9880542755126952,0.0099375890109871,0.2385021362636912,157.56779125778,0.79158718719
92,245992995,4147.195,4.6801,5.0,78.8664768339222,0.1225921010729507,0.1430255123850656,0.1021587050490779,0.9470295906066896,1.4380216598510742,0.6234884262084961,0.0026415955383938,0.0633982929214531,354.03775203323,-9.66352823037
93,210329711,3437.8435,4.9709,0.0,70.85732311158063,0.0,0.0,0.0,0.0,0.0,0.0,0.0,0.0,58.36197819647,11.64362683101
94,202587982,3577.7273,4.2586,2.0,59.84470950276591,0.1225929768843343,0.1225931608205428,0.1225927929481258,1.5215158462524414,1.7981171607971191,1.2449145317077637,0.0013924929041468,0.0334198296995253,245.3585002429,-29.11339048888
95,212221986,3774.7449,4.4732,121.0,79.53472228578903,0.1484518331882167,0.7765252194585628,0.0817394193654763,4.115457574198069,17.236793041229248,1.6192078590393066,0.0633895048825422,1.5213481171810144,133.87584845382,25.02055355128
96,202081526,3973.8215,4.7257,5.0,36.266210615962336,0.1225900761870434,0.163453488414234,0.102158218898694,2.0053911209106445,2.2143125534057617,1.7130494117736816,0.0057445575315121,0.1378693807562922,98.42190016336,14.8903200114
97,205980065,4131.089,4.6936,0.0,69.14109447946976,0.0,0.0,0.0,0.0,0.0,0.0,0.0,0.0,340.67991760206,-15.41934965442
98,245958685,4205.8975,4.6752,0.0,78.8664920906158,0.0,0.0,0.0,0.0,0.0,0.0,0.0,0.0,354.43670757726,-10.59313720458
99,211374549,3404.215,4.8694,7.0,125.61476850102918,0.1342656820550993,0.2860430895452737,0.0817265768928336,0.9584648268563408,1.3159394264221191,0.7088065147399902,0.0023219138175164,0.0557259316203942,128.93591759791,11.23167008979
100,251556906,3898.9497,4.3978,2.0,67.04868232584704,0.1123956086375983,0.1226134622556855,0.1021777550195111,0.2780497074127197,0.3080487251281738,0.2480506896972656,0.0012428780170256,0.0298290724086162,203.64492397626,-2.2293671352
101,210361757,3486.739,4.815,2.0,70.85728878826922,0.1021594912053842,0.102160706934228,0.1021582754765404,0.8820056915283203,0.8994936943054199,0.8645176887512207,0.0011760728466812,0.0282257483203493,57.519115537,12.53763497369
102,251376454,4131.298,4.6875,5.0,79.5348561252249,0.1634825994522543,0.2247894938627723,0.1226099041377892,0.6926989555358887,1.1216998100280762,0.5397796630859375,0.0026193966203361,0.0628655188880667,138.29066389083,23.18805240162
103,211378687,3686.0964,4.1987,2.0,74.80073701829679,0.1328068090515444,0.1838870045394287,0.08172661356366,2.429473400115967,2.681207656860352,2.177739143371582,0.0011140710192862,0.0267377044628689,128.23400321845,11.30063995261
104,220186649,3780.9604,4.6945,6.0,78.6825913466746,0.1770760664633902,0.3269090035100817,0.0817263990611536,2.8770585854848227,8.110439777374268,0.9193897247314452,0.0031773229086787,0.0762557498082907,17.72318069981,-0.51766294617
105,201260636,3625.2432,4.8227,1.0,79.97014557605144,0.1225902319274609,0.1225902319274609,0.1225902319274609,0.6936073303222656,0.6936073303222656,0.6936073303222656,0.0005210277706327,0.012504666495186,170.52501428598,-3.04811496613
106,202813658,3717.9778,4.2413,7.0,59.84480568798608,0.1605381081753876,0.2860498349982663,0.081728269571613,0.988708223615374,2.2794485092163086,0.5276203155517578,0.0048737173312473,0.1169692159499359,250.08696348482,-28.26933800772
107,201140975,3653.0447,4.7019,12.0,79.97031599644106,0.1379152701186588,0.3473507228918606,0.0817268221726408,1.061093807220459,1.729440689086914,0.5480647087097168,0.0062523199235857,0.150055678166059,176.77593441818,-5.51487930261
108,228743446,3881.4248,4.6947,9.0,69.12068314690259,0.1634549500571059,0.3064799206549651,0.1021582565081189,1.4289697011311848,2.7997851371765137,0.778663158416748,0.0054252936013813,0.1302070464331529,183.67825834696,-9.22224971674
109,211395279,3601.9219,4.3453,3.0,74.80074278062239,0.381398885086431,0.8990140234891442,0.1225901433645049,4.136812686920166,10.881900787353516,0.3832459449768066,0.0016711064001944,0.0401065536046678,129.14460430925,11.56870318081
110,210372126,3512.9478,4.4288,0.0,70.85743779045151,0.0,0.0,0.0,0.0,0.0,0.0,0.0,0.0,61.77392949933,12.80306380934
111,212206519,4166.6997,4.6516,1.0,79.53462002505694,0.1021761513984529,0.1021761513984529,0.1021761513984529,0.467073917388916,0.467073917388916,0.467073917388916,0.0005238808792138,0.0125731411011325,129.88424825203,24.49022034585
112,251391693,3985.2014,4.7714,2.0,79.53480749598384,0.0919585335213923,0.1021771625819383,0.0817399044608464,0.6307780742645264,0.7534503936767578,0.5081057548522949,0.0010477592887559,0.0251462229301427,136.92174095122,24.264196628
113,228727977,3623.8145,4.2929,9.0,69.12069584036362,0.1952377899255629,0.5720886977433111,0.1021595928323222,2.6796446906195746,4.407215118408203,1.0310888290405271,0.0054252926050697,0.1302070225216739,182.77585950912,-9.96337947002
114,220259414,3559.9414,4.7037,17.0,78.68265153537504,0.1694617932842126,0.6538091703914688,0.0817260069743497,0.8344460936153636,1.8604040145874023,0.4786610603332519,0.0090024080214794,0.216057792515507,19.84971759095,1.76396232954
115,201174640,3529.5938,4.505,8.0,79.9701841986971,0.1736698252580026,0.28604405009537,0.0817272463900735,1.692374050617218,2.521991729736328,0.9819865226745604,0.0041682201519646,0.1000372836471513,170.68466285711,-4.70594219028
116,220215323,3410.5544,4.8016,5.0,78.68267685524188,0.1552814516981016,0.2860454078399925,0.1021578832733212,5.854220390319824,13.911426067352297,3.33787202835083,0.0026477662130969,0.0635463891143263,20.53015587182,0.54308063182
117,202084234,3950.1787,4.644,3.0,36.26619273480173,0.1498319907841505,0.1838847949766204,0.1225898814445827,2.2041002909342446,2.5371909141540527,1.745772361755371,0.0034467362183306,0.0827216692399349,100.69621393163,15.60824960994
118,211375321,3435.4495,4.8892,5.0,74.80077437224827,0.277875460582436,0.9603124737623148,0.0817265839941683,1.5478062629699707,4.246854782104492,0.5486726760864258,0.0027851761573557,0.0668442277765381,130.9899604447,11.24533618287
119,228723628,3530.7817,4.6522,2.0,68.79379288486962,0.1123744511423865,0.1225905096944188,0.1021583925903542,0.7115542888641357,0.7726907730102539,0.6504178047180176,0.0012113495976707,0.0290723903440985,186.96966474512,-10.17709568957
120,248467000,3999.8823,4.7143,3.0,79.6637845824007,0.0953482408319056,0.1021590955060673,0.0817271633859491,1.123857498168945,2.107667922973633,0.5063056945800781,0.001569094421703,0.0376582661208736,156.0153956336,2.05682548817
121,206014402,3639.291,4.0328,9.0,69.14115431019309,0.1339411744201142,0.2043198433020734,0.0817263004864798,0.8553889062669542,1.3143301010131836,0.5751967430114746,0.0054236872921966,0.1301684950127189,342.18024006345,-14.4101949102
122,246706378,3745.1782,4.7658,7.0,80.54207124021195,0.1138338385530265,0.143022173710051,0.0817270837651449,1.2407796723502025,2.183091640472412,0.8966565132141113,0.0036212958293161,0.0869110999035884,73.86191529138,14.65331681663
123,211480727,4236.1,4.623,7.0,74.80069493206247,0.1546978895535825,0.2451817306864541,0.1021583869805908,1.215430668422154,4.129087924957275,0.4540801048278808,0.0038992507613942,0.0935820182734629,126.25872455286,12.86053362519
124,246708072,3403.5369,4.8237,1.0,80.5421131784824,0.0817265915611642,0.0817265915611642,0.0817265915611642,1.197350025177002,1.197350025177002,1.197350025177002,0.0005173277062439,0.0124158649498553,75.22150765462,14.6747186912
125,213462890,3741.7915,4.2955,2.0,81.3388935759649,0.0817263758835906,0.0817264520010212,0.08172629976616,2.3524343967437744,2.9370546340942383,1.7678141593933103,0.0010245201240106,0.0245884829762546,289.09792055971,-29.33689340232
126,220234669,3569.2131,4.7884,13.0,78.68273833033163,0.1273045229284504,0.2451802973810117,0.0817261830597999,2.111969544337346,10.873425006866457,0.6575703620910645,0.0068841867754093,0.1652204826098254,22.2362329432,1.21754452613
127,220201150,3768.3699,4.7076,5.0,78.68266876589041,0.1144180058850906,0.1838862103541032,0.0817272999483975,0.7130289077758789,1.6411900520324707,0.3767609596252441,0.0026477664853133,0.0635463956475195,20.2466041981,0.03681408803
128,201264179,3794.514,4.606,1.0,79.97013501042966,0.1225919064454501,0.1225919064454501,0.1225919064454501,1.7134785652160645,1.7134785652160645,1.7134785652160645,0.0005210278394707,0.0125046681472974,169.6350866195,-2.99344314288
129,228767376,4000.8245,4.7144,13.0,69.12066946274717,0.2200345740420743,0.5516560312680667,0.0817265816003782,1.602788154895489,3.1343936920166016,0.619661808013916,0.0078365367534323,0.1880768820823762,182.98682956241,-8.15999360254
130,201218774,3961.354,4.6488,0.0,79.97019636246841,0.0,0.0,0.0,0.0,0.0,0.0,0.0,0.0,173.13322176898,-3.68111023199
131,228720648,4128.4185,4.6755,2.0,68.79378794839431,0.1736716022787732,0.2247515515482518,0.1225916530092945,2.481532096862793,3.127014636993408,1.8360495567321773,0.0012113496845942,0.0290723924302627,184.61426035813,-10.32080795914
132,246032593,4197.0864,4.5118,0.0,78.8665987400891,0.0,0.0,0.0,0.0,0.0,0.0,0.0,0.0,357.76392724455,-8.65606215013
133,246832524,3820.3655,4.6744,5.0,80.54219550565176,0.1307651053604786,0.1634593270573532,0.1021579309453954,5.212068557739258,20.92372179031372,0.8649587631225586,0.0025866358872563,0.0620792612941516,78.04766897772,16.0832292972
134,246015696,4230.3,4.3689,5.0,78.86657892620133,0.1144177746376954,0.1430216754524735,0.0817267598904436,0.899055004119873,1.843869686126709,0.5401492118835449,0.0026415921188654,0.0633982108527707,357.21351925271,-9.08276550018
135,212212344,4198.4346,4.6442,16.0,79.53472947746195,0.2184036954267867,1.4918027201129007,0.0817399944571661,1.349155604839325,2.947115898132324,0.3534436225891113,0.0083820825323305,0.2011699807759323,133.83155901371,24.68186452954
136,228728812,3791.1055,4.5322,0.0,69.12070760634379,0.0,0.0,0.0,0.0,0.0,0.0,0.0,0.0,187.82869095729,-9.92245340721
137,220199246,4118.942,4.6915,2.0,78.68266808439512,0.1021594491103314,0.1021609760864521,0.1021579221342108,1.4171183109283447,1.9012451171875,0.9329915046691896,0.0010591066032985,0.0254185584791659,20.21904946153,-0.03117363801
138,245941164,4000.0447,4.6488,0.0,78.86642067028151,0.0,0.0,0.0,0.0,0.0,0.0,0.0,0.0,351.6587375875,-11.17052328834
139,211480470,3721.8865,4.5692,0.0,74.80070230091951,0.0,0.0,0.0,0.0,0.0,0.0,0.0,0.0,127.21094732774,12.8567830393
140,212217647,3582.3635,4.1272,9.0,79.53470595202089,0.1226126268399336,0.1839149447987438,0.0817418175211059,1.289726628197564,1.8801689147949217,0.529634952545166,0.0047149228190548,0.1131581476573161,133.08465877473,24.85961258386
141,202068113,3282.9766,4.4524,8.0,36.266187862354855,0.1098202075154404,0.1634539199149003,0.081726460615755,2.4916812777519226,5.743443965911865,1.4477014541625977,0.0091912978170871,0.2205911476100907,99.72680174451,17.09291986511
142,202135114,3875.2332,4.5171,1.0,36.26625287390925,0.1225912823429098,0.1225912823429098,0.1225912823429098,14.55702781677246,14.55702781677246,14.55702781677246,0.0011489101675746,0.0275738440217909,92.41541984116,16.81259229259
143,248441185,3480.5234,4.7418,3.0,79.66397304739803,0.1225911645863864,0.1430229753459571,0.0817287863319506,15.807092189788818,22.7817177772522,6.533503532409668,0.0015690907096188,0.0376581770308527,161.72156839673,1.1512240918
144,220152532,3702.8596,4.3308,21.0,78.68248724064324,0.1644279271910948,0.408638767497905,0.1021576439816271,1.5852882748558408,3.879702091217041,0.7113099098205566,0.0111206448942557,0.2668954774621372,12.95872808228,-1.80382083085
145,248456193,4109.4287,4.6347,3.0,79.66383925569244,0.1294007919617191,0.183885271231702,0.0817267603924847,0.704348087310791,0.9580016136169434,0.3998398780822754,0.0015690933448335,0.0376582402760061,157.83425726956,1.69105311086
146,228714614,3741.0132,4.7708,33.0,69.12070623706677,0.2365130852521167,0.8376988952077227,0.1021583545516477,4.430730415113045,10.70880889892578,1.0184288024902344,0.0198927365597812,0.4774256774347507,184.88586940533,-10.62355473062
147,201287802,3556.2869,4.8747,7.0,79.97013480577152,0.1605364136963284,0.3064783478839672,0.0817266305239172,1.055957589830671,1.4882564544677734,0.8260369300842285,0.0036471948856289,0.0875326772550945,170.30517552044,-2.63334164414
148,228712872,3731.0022,4.7753,0.0,69.12070880169631,0.0,0.0,0.0,0.0,0.0,0.0,0.0,0.0,185.37275875505,-10.7112914111
149,206024309,3592.2517,4.3534,5.0,69.14122543433768,0.1266785030122264,0.2247569349419791,0.0817263263306813,0.8218669891357422,1.2738943099975586,0.5390644073486328,0.0030131565072011,0.0723157561728265,343.88387247489,-14.12256407433
150,210375265,3951.9573,4.629,1.0,70.85729054183321,0.1021613674674881,0.1021613674674881,0.1021613674674881,2.408874034881592,2.408874034881592,2.408874034881592,0.0005880364087879,0.0141128738109117,57.64506606846,12.87777404548
151,211500278,3312.3457,4.7378,4.0,74.8006891501791,0.117482873120025,0.1430243067879928,0.1021581456880085,23.569226264953613,55.3385853767395,8.190953731536865,0.0022281434644545,0.0534754431469087,125.98346271174,13.14422770034
152,212299157,3661.1958,4.5725,2.0,78.88737248636608,0.10216005325492,0.10216169913474,0.1021584073751,0.7139205932617188,0.7984161376953125,0.629425048828125,0.0010563583334929,0.0253526000038302,205.25365398853,-17.55644679794
153,210480766,3381.1592,4.9252,8.0,70.85752726173814,0.1251435110916645,0.1634526139096124,0.1021578780346317,1.1189952492713928,2.423179149627685,0.6392717361450195,0.0047042755542688,0.1129026133024524,64.21801331378,15.0827314067
154,220278539,3539.1829,4.0687,12.0,78.68275551404804,0.1294011229989943,0.2451803965668659,0.0817261302072438,0.6414463122685751,0.8611321449279785,0.4693865776062011,0.0063546325587279,0.1525111814094705,22.68578856321,2.17516048652
155,228760197,4157.6265,4.2882,7.0,68.79376038555347,0.1984793401300391,0.3882024263875792,0.0817265731602674,1.6400865146092003,3.655588626861572,0.8439779281616211,0.0042397255947636,0.1017534142743269,183.87206351043,-8.47414183289
156,212284993,3556.5132,4.7024,2.0,78.88736598771357,0.1941069952517864,0.2451880398148205,0.1430259506887523,1.2941360473632812,1.5434980392456057,1.044774055480957,0.0010563584205145,0.0253526020923488,204.41899632208,-17.98638144176
157,205942270,4192.6606,4.6523,3.0,69.14100595685159,0.1634541665504608,0.2247507300126017,0.1225908626656746,1.393612225850423,1.927018165588379,1.0727167129516602,0.0018078996432017,0.0433895914368412,338.10863976106,-16.62875848316
158,228726934,3813.2644,4.722,2.0,69.12070134785608,0.1532375172937463,0.2043167695883312,0.1021582649991614,0.7335960865020752,0.904083251953125,0.5631089210510254,0.0012056204828413,0.0289348915881918,186.53774747943,-10.01349127457
159,228762767,3549.5032,4.6447,3.0,68.79375953246199,0.1566428734222427,0.1838850150015787,0.1225903679587645,4.512147108713786,5.74946403503418,3.758537769317627,0.001817025277431,0.0436086066583463,183.28002034005,-8.36126073512
160,201165795,4149.737,4.6587,3.0,79.97028481552843,0.1225904252375282,0.1838857187976827,0.0817266626909258,0.7922132809956869,0.9510040283203124,0.5595684051513672,0.001563080590351,0.0375139341684258,176.09505408571,-4.91932248348
161,246746614,4221.5327,4.6609,0.0,80.5421028771234,0.0,0.0,0.0,0.0,0.0,0.0,0.0,0.0,75.08520412113,15.13981602362
162,251405783,4197.029,4.6477,1.0,79.53480976910942,0.1021773858738015,0.1021773858738015,0.1021773858738015,1.7371416091918943,1.7371416091918943,1.7371416091918943,0.0005238796294053,0.0125731111057285,138.2569765182,25.11971900638
163,228754121,3612.4072,4.746,9.0,69.12067620715243,0.1634538792908036,0.3269067825967795,0.0817265748482896,4.313638475206163,12.192034721374512,0.8073091506958008,0.0054252941460835,0.130207059506005,183.99398350093,-8.74134347735
164,206006723,4037.535,4.6736,2.0,69.1410944539748,0.2451871849734743,0.4086474432333489,0.0817269267135998,0.5818545818328857,0.6482720375061035,0.515437126159668,0.0012052648861207,0.0289263572668977,340.63209488041,-14.63361838955
165,212271290,4126.2227,4.678,4.0,78.88742833091237,0.1225912075169617,0.1634539846345433,0.0817281469862791,0.6685197353363037,0.8113980293273926,0.5120277404785156,0.00211271517139,0.050705164113362,206.73306666626,-18.45134770621
166,220172740,3512.134,4.2101,23.0,78.68254842970055,0.1670065140082759,0.5107891223888146,0.081726117976359,3.858781897503397,19.38387155532837,1.076817512512207,0.0121797444599746,0.2923138670393919,16.0126023775,-1.08612142536
167,210370656,3489.5117,4.7526,2.0,70.85723545526707,0.1021586458264209,0.102159290392592,0.1021580012602498,1.98097825050354,2.0429015159606934,1.9190549850463867,0.0011760737318906,0.0282257695653765,55.78909343714,12.76569798917
168,231526829,3474.2734,4.556,6.0,70.91858793073334,0.1328063717943829,0.2860443269310053,0.0817266267113154,6.6526830196380615,14.253091812133787,3.101801872253418,0.0035251688914643,0.0846040533951443,257.11577606609,-29.7117006825
169,220211133,3612.0483,4.708,2.0,78.6826284751296,0.1123749565049365,0.1430227618402568,0.0817271511696162,0.619196891784668,0.6384491920471191,0.5999445915222168,0.0010591071364586,0.0254185712750072,19.07193169322,0.3984375717
170,245998783,4187.241,4.6659,0.0,78.86647845686821,0.0,0.0,0.0,0.0,0.0,0.0,0.0,0.0,354.10649215278,-9.51689176239
171,228747561,4213.3853,4.5563,4.0,68.79376832787239,0.1123744165051903,0.1225904691236792,0.1021584367190371,0.9507179260253906,1.3297677040100098,0.5240559577941895,0.0024227000601614,0.0581448014438738,184.79137751506,-9.03147053688
172,201152644,3726.425,4.396,6.0,79.97022521006875,0.1566442584868733,0.3064751659621834,0.0817287570025655,3.926779826482137,7.398879528045654,0.7541656494140625,0.0031261635107728,0.0750279242585472,172.68958653285,-5.23275108169
173,211373363,4235.5537,4.4483,16.0,74.80077974283631,0.2094274279620549,0.7355588859936688,0.0817285140365129,0.8981004357337952,1.7911672592163086,0.4700064659118652,0.0089125630636292,0.2139015135271009,131.28674204265,11.21204757825
174,201359129,3763.935,4.5617,2.0,79.97009979293216,0.1123744495707796,0.1225905471801525,0.1021583519614068,0.5718529224395752,0.6052732467651367,0.5384325981140137,0.0010420561378453,0.0250093473082893,168.65262581575,-1.569690913
175,210381646,3572.2576,4.8713,0.0,70.85748067605164,0.0,0.0,0.0,0.0,0.0,0.0,0.0,0.0,62.87813099496,13.03346990602
176,201903390,3682.2195,4.4182,9.0,79.97021496249363,0.1225901967708422,0.2656120703541091,0.0817270857369294,1.3782593939039445,2.425146102905273,0.8970856666564941,0.0046892458670503,0.112541900809208,178.73877426627,7.39596192583
177,202085551,3611.9255,4.019,14.0,36.26623438063689,0.2159917597793017,0.6333812163647963,0.1021581041713943,0.9485951491764614,1.4004111289978027,0.5126118659973145,0.0160847505481513,0.3860340131556316,93.86222721369,17.14738071582
178,248449640,3860.514,4.7137,5.0,79.66387604828924,0.102158591542684,0.1430217841771082,0.081726765827625,0.6012105941772461,1.0382890701293943,0.398409366607666,0.0026151543669184,0.0627637048060426,158.93935007766,1.46429596524
179,201241974,3606.4033,4.7596,2.0,79.97016080783214,0.1328085808927426,0.1634578811790561,0.102159280606429,0.9080886840820312,0.9862899780273438,0.8298873901367188,0.0010420553427869,0.0250093282268868,171.28194425888,-3.33072271872
180,205952324,3651.8054,4.755,39.0,69.14108319934894,0.1540234516099026,0.3677798684948357,0.0817262681011925,3.6715177389291616,8.128166198730469,1.197946071624756,0.023502669105064,0.5640640585215367,340.38477847982,-16.29388887905
181,246767446,3689.6375,4.603,0.0,80.54202744500071,0.0,0.0,0.0,0.0,0.0,0.0,0.0,0.0,72.63358002729,15.38237610849
182,201148900,3807.1838,4.6956,0.0,79.97022463195026,0.0,0.0,0.0,0.0,0.0,0.0,0.0,0.0,172.51672964871,-5.31949394848
183,206020713,3539.0137,4.591,20.0,69.14113534561329,0.1787786154396599,0.429073354236607,0.0817262015625601,1.9783645868301392,3.32568883895874,0.8334755897521973,0.012052641732997,0.2892634015919282,341.67807243556,-14.22560583254
184,220202916,3505.2922,4.7887,2.0,78.68257201684173,0.1634535753219097,0.2451794682710897,0.0817276823727297,1.6436338424682615,1.848018169403076,1.4392495155334473,0.0010591078964156,0.0254185895139765,17.13960190531,0.10075367016
185,201165011,3657.4392,4.7898,1.0,79.97021675633732,0.1634582746628439,0.1634582746628439,0.1634582746628439,0.8733034133911133,0.8733034133911133,0.8733034133911133,0.0005210273068737,0.0125046553649706,172.61577991322,-4.9383429138
186,220239179,3602.191,4.8746,12.0,78.68262530234642,0.1447262078254425,0.3064777556792251,0.0817285242883372,0.9579300880432128,1.0813593864440918,0.7793664932250977,0.0063546430749952,0.1525114337998854,19.03709218068,1.3289621385
187,248461118,3749.2432,4.739,3.0,79.6638232920086,0.115780069080453,0.1430227334349183,0.102158507979766,1.3781269391377766,1.5084624290466309,1.3034462928771973,0.0015690936592612,0.0376582478222701,157.39900103174,1.8648345701
188,201895362,4175.1997,4.5712,3.0,79.97019842057489,0.1021591625661434,0.1225910243665566,0.0817271795749547,0.7611552874247233,0.8332252502441406,0.6482243537902832,0.0015630822790085,0.0375139746962057,178.16058499799,7.22575950736
189,220229280,3567.2405,4.5958,1.0,78.68268122512382,0.1430217952438397,0.1430217952438397,0.1430217952438397,3.406846523284912,3.406846523284912,3.406846523284912,0.000529553213209,0.0127092771170168,20.68747957549,1.02925974005
190,211383671,3414.0762,4.8171,33.0,74.800794363553,0.1863616798813878,0.4903596805525012,0.0817286867968505,1.7919786048657966,3.167212009429932,0.598907470703125,0.0183821577257202,0.4411717854172868,132.30608440708,11.38320920112
191,220234553,3693.7476,4.744,0.0,78.68261814594734,0.0,0.0,0.0,0.0,0.0,0.0,0.0,0.0,18.80550296015,1.21336364147
192,246074131,3548.2095,4.8213,0.0,78.86661146207189,0.0,0.0,0.0,0.0,0.0,0.0,0.0,0.0,358.08218140879,-7.70579755114
193,220298669,3363.0469,4.9051,5.0,78.68276616057847,0.1348515960809891,0.2451844737806823,0.0817270433690282,4.638173580169678,6.289875507354736,3.461003303527832,0.0026477632078689,0.063546316988854,22.9414448851,2.60166011619
194,246697609,3408.7612,4.8925,16.0,80.54208613205992,0.134083642198675,0.1838842759971157,0.1021579950102022,1.6464024782180786,2.9999494552612305,0.7755160331726074,0.0082772460794419,0.1986539059066061,74.30675821098,14.54215533221
195,201089091,3413.84,4.8305,1.0,68.79375381856516,0.1225910244829719,0.1225910244829719,0.1225910244829719,7.891011238098144,7.891011238098144,7.891011238098144,0.0006056751427834,0.0145362034268019,180.59182656479,-6.90138454911
196,205968379,3757.0542,4.6738,3.0,69.14105994923011,0.1293999980504546,0.1634529264774755,0.0817262157215736,1.283399264017741,1.334059238433838,1.216292381286621,0.0018078982314096,0.043389557553831,339.72782164461,-15.78102615552
197,220263089,3784.2935,4.7115,1.0,78.68274336261675,0.1225894304079702,0.1225894304079702,0.1225894304079702,0.843501091003418,0.843501091003418,0.843501091003418,0.0005295527950092,0.0127092670802212,22.37885585624,1.84708072419
198,220183549,3655.6707,4.7563,0.0,78.68258934130426,0.0,0.0,0.0,0.0,0.0,0.0,0.0,0.0,17.62993786432,-0.64429959067
199,220197813,3705.6475,4.8037,2.0,78.68256988876965,0.1021583417787042,0.1225906746549299,0.0817260089024785,1.963162422180176,2.883708477020264,1.042616367340088,0.0010591079250606,0.0254185902014552,17.03481393765,-0.08447823134
200,229153363,3445.055,4.5816,0.0,69.1206964814628,0.0,0.0,0.0,0.0,0.0,0.0,0.0,0.0,191.81988807824,2.08832675478
201,220173213,3752.7314,4.7316,4.0,78.68255630333442,0.1174833219265565,0.1430246001546038,0.0817271731648361,1.921242475509644,2.6504993438720703,1.3465285301208496,0.0021182162158552,0.0508371891805259,16.32696607436,-1.06329447237
202,220199072,3578.8687,4.8437,1.0,78.68266957637388,0.0817262338750879,0.0817262338750879,0.0817262338750879,0.8359551429748535,0.8359551429748535,0.8359551429748535,0.0005295532916079,0.0127092789985899,20.26145083893,-0.03724917295
203,246636441,3322.3345,4.9498,15.0,80.54207083951042,0.1185037841821516,0.1838865710087702,0.0817263498756801,5.403792858123779,13.60682249069214,3.583657741546631,0.007759919672855,0.1862380721485206,73.40559951968,13.73031809287
204,245925841,4099.7305,4.6752,0.0,7.234087846416514,0.0,0.0,0.0,0.0,0.0,0.0,0.0,0.0,347.87078328469,-11.92041136431
205,205934242,4160.796,4.3785,10.0,69.14100370153756,0.1736707982570806,0.2860464900441002,0.1021578112486167,1.6722798347473145,2.1188855171203613,1.3717174530029297,0.0060263323405789,0.1446319761738955,338.02453249827,-16.90541512957
206,248472875,3374.3464,4.9311,16.0,79.66379058652092,0.1851645107271906,0.4495051190679078,0.0817270696788909,7.543054968118668,44.25292015075684,2.1940231323242188,0.0083685029516969,0.2008440708407264,156.49053890001,2.26094012075
207,201274176,4117.5337,4.5481,2.0,79.9701444573002,0.3064827501257241,0.5312378878516029,0.0817276123998453,2.657085657119751,4.294669628143311,1.0195016860961914,0.0010420555558434,0.0250093333402429,170.78220611131,-2.84157935099
208,220189671,3477.8762,4.5922,10.0,78.68263022962492,0.1409783574614266,0.245179745106725,0.1021577817664365,2.0319724082946777,3.0482888221740723,1.1775612831115725,0.0052955355642113,0.1270928535410714,19.02393605549,-0.39898037221
209,228736966,3783.8364,4.5815,0.0,69.12069140622043,0.0,0.0,0.0,0.0,0.0,0.0,0.0,0.0,186.00747719657,-9.52498215328
210,210425130,3677.0623,4.5799,0.0,70.8574614793979,0.0,0.0,0.0,0.0,0.0,0.0,0.0,0.0,62.54768096971,14.02532293833
211,220154854,4124.594,4.6121,11.0,78.68258576316293,0.1504518265640151,0.2451794810767751,0.0817268087921547,6.113484772768888,23.240578174591064,0.7729291915893555,0.0058250924126074,0.1398022179025781,17.24886901739,-1.71795625345
212,228753037,3412.24,4.5842,2.0,68.79376455811143,0.0919430910907976,0.1021595035417703,0.0817266786398249,70.88175415992737,96.98326587677002,44.78024244308472,0.0012113500964602,0.0290724023150464,184.24019403376,-8.7892624157
213,248407141,3486.3503,4.566,1.0,79.66403095831629,0.1634560805832734,0.1634560805832734,0.1634560805832734,5.413603782653809,5.413603782653809,5.413603782653809,0.0005230298563283,0.0125527165518807,162.29206732038,-0.16414178278
214,228708703,3453.129,4.8663,0.0,69.12073805034743,0.0,0.0,0.0,0.0,0.0,0.0,0.0,0.0,189.39315645381,-10.92511694281
215,205930485,4038.5325,4.6635,5.0,69.14097939646308,0.2043210252988501,0.3064841523519135,0.0817260463300044,1.934511661529541,5.211889743804932,0.7599949836730957,0.0030131672295054,0.0723160135081305,337.23457412923,-17.03587553572
216,211432062,3593.4133,4.3592,0.0,50.813981391722336,0.0,0.0,0.0,0.0,0.0,0.0,0.0,0.0,128.08905725658,12.12580092618
217,245966594,4241.1636,4.4518,2.0,78.8665087492991,0.3779844248056179,0.6742421326707699,0.0817267169404658,6.469869613647461,9.75126028060913,3.188478946685791,0.0010566377877615,0.0253593069062762,355.01533465115,-10.37426877851
218,220163154,3822.3523,4.6524,3.0,78.68256630480755,0.0953484286922806,0.1021591227472527,0.0817273693319293,0.9113748868306478,1.1854052543640137,0.6838440895080566,0.0015886619599539,0.0381278870388941,16.60979314475,-1.44188054514
219,245919176,3805.725,4.7236,2.0,78.8664431784855,0.1225906021281844,0.122590639264672,0.1225905649916967,2.542203664779663,3.484702110290528,1.5997052192687988,0.0010566386662669,0.0253593279904068,352.23217660126,-12.30234963911
220,201189844,3776.8572,4.2555,3.0,79.97019078116864,0.0953486662522967,0.1021593871264485,0.0817275986628374,4.903332392374675,9.995317459106444,1.2905359268188477,0.0015630824283269,0.0375139782798472,171.83912392513,-4.34130060172
221,245996687,3581.0796,4.4614,27.0,78.86652852756379,0.2149143175793816,1.1237789659498958,0.0817261570991831,3.3294412824842663,11.471426486968994,0.8533000946044922,0.0142646065574803,0.3423505573795292,355.71859326263,-9.57099449083
222,205963438,3968.9966,4.6997,0.0,69.14109691714839,0.0,0.0,0.0,0.0,0.0,0.0,0.0,0.0,340.76018266366,-15.93386847556
223,211392983,3579.3638,4.7817,2.0,74.8007931251268,0.1941031179776473,0.2043164940259885,0.1838897419293061,0.8768141269683838,1.0010480880737305,0.7525801658630371,0.00111407018364,0.0267376844073618,132.38148072502,11.53264405091
224,245913422,4074.4526,4.6566,1.0,78.86644758480543,0.1225921629084041,0.1225921629084041,0.1225921629084041,4.657149314880371,4.657149314880371,4.657149314880371,0.0005283193036159,0.0126796632867823,352.27591996712,-12.66447905469
225,211432376,3963.0332,4.6735,3.0,79.53474845781602,0.1498609410094407,0.2043560291422181,0.1021773880784167,1.1487921078999836,1.4009475708007812,0.7905244827270508,0.001571640099752,0.0377193623940503,130.21928445719,12.13084482041
226,245921214,3465.7314,4.8063,12.0,78.86636393085064,0.141318540380477,0.2656115292629692,0.0817261788615724,2.015031377474467,3.4992098808288574,1.33591890335083,0.0063398383680829,0.1521561208339907,348.5055798282,-12.17941871565
227,201390316,3477.6052,4.4713,1.0,79.97008273296524,0.1021584831687505,0.1021584831687505,0.1021584831687505,0.662684440612793,0.662684440612793,0.662684440612793,0.0005210281800732,0.0125046763217587,167.06687665433,-1.10729329653
228,220245588,4113.627,4.6758,7.0,78.68276216567028,0.1809659579750067,0.3677706946182297,0.08172612159251,0.9858931813921248,1.522529125213623,0.5330920219421387,0.0037068686792228,0.0889648483013492,22.84914007475,1.47718331012
229,211322184,3385.0964,4.9212,12.0,74.80073712842568,0.1191852799850797,0.2247499806471751,0.0817269143735757,1.6978859901428225,2.2151589393615723,1.4104843139648438,0.0066844261058757,0.1604262265410186,126.05631038884,10.29684143519
230,206019671,4066.0466,4.6382,7.0,69.14118669734307,0.1634557364554244,0.2860478955262806,0.122589162303484,0.8096575736999512,1.129019260406494,0.6554961204528809,0.0042184214734901,0.1012421153637646,342.96987866029,-14.25569174245
231,210379141,3282.5928,4.5005,1.0,70.85749045313423,0.4086416373684187,0.4086416373684187,0.4086416373684187,14.12898302078247,14.12898302078247,14.12898302078247,0.000588034749752,0.014112833994049,63.10433550456,12.97460484816
232,201077030,4157.035,4.6612,1.0,68.79375223135867,0.2451833382656332,0.2451833382656332,0.2451833382656332,1.9983768463134768,1.9983768463134768,1.9983768463134768,0.0006056751567575,0.0145362037621806,181.48500347393,-7.24649980996
233,211356726,3467.551,4.5507,4.0,125.61466609087802,0.1225916037965362,0.1634557043289533,0.0817270582701894,3.3183395862579346,7.468080520629883,1.6163945198059082,0.0013268089774333,0.0318434154583998,125.9942799207,10.93490887477
234,228711197,3456.93,4.8228,2.0,69.12071370790363,0.1430231067206477,0.1634560283127939,0.1225901851285016,1.2596964836120603,1.3743162155151367,1.1450767517089844,0.0012056202672543,0.0289348864141041,186.33949272702,-10.79850259347
235,211358479,3416.2249,4.8721,9.0,74.80083845736954,0.1294010596579432,0.204317128554976,0.0817266284284414,2.20261017481486,3.427696228027344,1.513218879699707,0.0050133127881142,0.1203195069147423,134.12931640113,10.96343816955
236,201181471,4212.0625,4.658,2.0,79.97021584433969,0.122590008581028,0.1430217427332536,0.1021582744288025,0.7196009159088135,0.8373498916625977,0.6018519401550293,0.0010420546256313,0.0250093110151529,173.13536446849,-4.54102171546
237,245945608,4057.152,4.455,9.0,78.8664351109037,0.1498322258986364,0.2860414684619172,0.0817267420861753,0.9378499454922148,1.5256285667419434,0.539243221282959,0.0047548744845974,0.1141169876303398,352.28961488362,-10.99936806304
238,211337552,3514.4446,4.4355,6.0,74.80073356541834,0.1906966146634658,0.2656131637268117,0.1021585666312603,10.442817211151125,32.230329513549805,1.8376708030700684,0.0033422132121385,0.0802131170913262,126.35845237318,10.58710628159
239,245942429,4200.3804,4.6641,17.0,78.86647070477193,0.1358100970914272,0.2656129317183513,0.0817261438351124,1.3369307798497818,1.9958972930908203,0.644075870513916,0.0089814255285354,0.2155542126848512,353.60068493547,-11.1165758357
240,201177699,4002.718,4.6591,2.0,79.97017463005614,0.1430220359179657,0.1838856384056271,0.1021584334303042,1.7610669136047363,1.883816719055176,1.6383171081542969,0.0010420551626757,0.0250093239042186,169.9826794892,-4.63238858874
241,202135885,3413.7727,4.4162,1.0,36.26621659144439,0.1430226243464858,0.1430226243464858,0.1430226243464858,5.146753787994385,5.146753787994385,5.146753787994385,0.0011489113169995,0.0275738716079887,97.02603704875,15.41464350876
242,245943220,4197.5728,4.3934,5.0,78.86643357887806,0.1920595920673804,0.2860514918284025,0.0817262367854709,1.3951516151428225,1.8962740898132324,1.0972142219543457,0.002641596987202,0.0633983276928487,352.20814256628,-11.08549227388
243,245940388,4199.5137,4.6618,3.0,78.86642741352262,0.1225892701210493,0.1634522842286969,0.0817262047130498,0.9557882944742838,1.1136889457702637,0.6412148475646973,0.0015849583162247,0.0380389995893945,351.92865150429,-11.20596150873
244,245925061,3688.5298,4.4677,1.0,78.86645843215229,0.0817267333477502,0.0817267333477502,0.0817267333477502,2.3624420166015625,2.3624420166015625,2.3624420166015625,0.0005283192309505,0.0126796615428127,352.93564908214,-11.95876434227
245,212324305,3756.584,4.6456,5.0,78.8873493186693,0.4127322337430087,0.69469948256301,0.0817279919137945,0.7818865776062012,0.9072661399841307,0.5570530891418457,0.0026408966093126,0.0633815186235026,204.96062440907,-16.8266185775
246,205973393,3694.5386,4.4572,1.0,69.14111231068819,0.1021579603984719,0.1021579603984719,0.1021579603984719,1.1555671691894531,1.1555671691894531,1.1555671691894531,0.0006026322874216,0.0144631748981194,341.1670386993,-15.62104933656
247,228705976,3505.6636,4.4451,0.0,68.79381811113853,0.0,0.0,0.0,0.0,0.0,0.0,0.0,0.0,188.47351120163,-11.06479775643
248,211324804,3482.083,4.6383,2.0,74.80075563543505,0.1634531772942864,0.2043164255737792,0.1225899290147936,1.3286292552947998,1.4841556549072266,1.173102855682373,0.0011140707420053,0.0267376978081294,128.3191498655,10.34788780371
249,248420912,3500.7615,4.0947,11.0,79.66390390950255,0.1114465522563974,0.143027309255558,0.0817272729327669,0.8820728822187944,1.2567996978759766,0.6572246551513672,0.0057533375950793,0.1380801022819054,158.86400974999,0.38601909608
250,220172208,4044.101,4.4403,1.0,78.68256436043885,0.0817272752610733,0.0817272752610733,0.0817272752610733,0.7104158401489258,0.7104158401489258,0.7104158401489258,0.0005295539997374,0.0127092959936978,16.62360625134,-1.10895233068
251,211376530,4099.78,4.6842,20.0,74.80076070788346,0.1348500518135552,0.2860471328895073,0.0817278706090292,0.5637049674987793,0.8195996284484863,0.3617763519287109,0.0111407066645714,0.2673769599497154,130.10093874578,11.26555659853
252,228709674,4081.3748,4.7707,42.0,69.12071538137388,0.2417754909523258,0.7764052942438866,0.0817268159080413,8.317642268680391,15.270400047302246,3.0094027519226074,0.0253180249993705,0.607632599984893,186.41221604252,-10.87460682759
253,220260884,3551.8071,4.3124,12.0,78.68266281834804,0.134509657204641,0.2451799569826107,0.1021576575512881,1.8012444178263347,2.784895896911621,0.921034812927246,0.0063546400450926,0.1525113610822245,20.18231797623,1.79684882992
254,245923027,3582.7607,4.7106,2.0,78.86647550841735,0.1123759006331965,0.1430253000435186,0.0817265012228745,2.0497500896453857,2.6786208152771,1.420879364013672,0.0010566382331164,0.025359317594794,353.53091266808,-12.07354922815
255,220171485,4227.2563,4.6392,9.0,78.68256565637421,0.1135089436833772,0.1430214050196809,0.0817261566335219,1.236520873175727,1.9059181213378904,0.9592652320861816,0.0047659859191388,0.1143836620593331,16.66446499671,-1.14013100974
256,220177289,3450.3735,4.917,4.0,78.6825504048029,0.1021587724826531,0.1430205924334586,0.0817266808444401,2.184095978736877,3.352880477905273,1.17262601852417,0.0021182163746498,0.0508371929915967,16.1377170195,-0.89676380887
257,211430777,3837.4841,4.6836,2.0,50.81401220423868,0.3269064100895775,0.4494963060133159,0.2043165141658391,0.8443176746368408,1.1050105094909668,0.5836248397827148,0.0016399675939461,0.0393592222547065,129.08673973593,12.10574489577
258,220171406,3402.388,4.9942,5.0,78.68254684552085,0.1348494848411064,0.2451792980718892,0.1021576407219981,3.15502405166626,4.610157012939453,1.672351360321045,0.0026477705880868,0.0635464941140836,15.93383116852,-1.14381191961
259,228722851,3675.3267,4.8344,3.0,137.91448613045213,0.1362123279977822,0.1838872547159553,0.1021594452249701,4.115136464436849,6.236374378204346,1.4642000198364258,0.0009063587408922,0.0217526097814143,183.13552023566,-10.21371428701
260,211325490,3993.7144,4.7033,3.0,74.80073639198235,0.0953478788990954,0.1225899359997129,0.0817267000529682,1.391454537709554,1.692819595336914,1.1139988899230957,0.0016711065429216,0.0401065570301198,126.135136539,10.36106703623
261,220205909,3567.0447,4.0119,3.0,78.68258084205445,0.1294001812008597,0.1430214809224708,0.1225894783710828,1.0348041852315266,1.211988925933838,0.828397274017334,0.0015886616664357,0.0381278799944568,17.46892861364,0.20556201813
262,220217802,3824.258,4.6729,14.0,78.68268254434224,0.1517780245532256,0.3881992974929744,0.0817266589656355,1.4455854892730713,2.334737777709961,0.8660078048706055,0.0074137448606253,0.1779298766550084,20.69897577332,0.63292673932
263,211324534,3465.18,4.5254,2.0,74.80076578685112,0.1021584128466202,0.1021586534770904,0.1021581722161499,5.687218904495239,9.144854545593262,2.229583263397217,0.0011140705908118,0.0267376941794835,129.18598175933,10.34324479424
264,245993874,3553.416,4.4076,6.0,78.86650502738485,0.1872892067549401,0.4699251519705285,0.1021580532978987,3.524752457936605,7.210433483123779,2.182018756866455,0.0031699135128809,0.0760779243091426,354.97668757825,-9.64057492573
265,201245379,4052.9136,4.6897,1.0,79.97014553227928,0.1021584233312751,0.1021584233312751,0.1021584233312751,0.7592678070068359,0.7592678070068359,0.7592678070068359,0.0005210277709179,0.0125046665020305,170.09038944106,-3.27943648005
266,212319974,3599.2375,4.6145,2.0,78.8873167065467,0.1123741806222824,0.1225900601566536,0.1021583010879112,0.9393036365509032,1.039135456085205,0.8394718170166016,0.0010563590804251,0.025352617930203,203.08757252086,-16.94781642395
267,211349429,3433.0117,4.9009,37.0,125.61482118245476,0.1916162535497868,1.0828774950205116,0.0817267100646859,2.743577312778782,5.563068389892578,1.013052463531494,0.0122729678882988,0.2945512293191719,129.77432346484,10.80302568177
268,228714518,3520.827,4.7646,2.0,69.120724525681,0.132805929355527,0.1430217886008904,0.1225900701101636,3.2575011253356934,3.2853007316589355,3.229701519012451,0.001205620078568,0.0289348818856336,188.493792565,-10.6279472529
269,246745786,3380.309,4.8503,0.0,80.5420325074374,0.0,0.0,0.0,0.0,0.0,0.0,0.0,0.0,72.71201275148,15.13022916576
270,202068504,3562.751,4.7553,22.0,36.26617875960801,0.1848133547193191,0.6333799761268892,0.1021580167071078,1.801562851125544,3.2692790031433105,0.9908199310302734,0.0252760753412382,0.6066258081897181,102.16643562473,16.92939243974
271,246753673,3284.2114,4.971,1.0,80.54206497264386,0.1634584809435182,0.1634584809435182,0.1634584809435182,3.0987977981567383,3.0987977981567383,3.0987977981567383,0.0005173280158736,0.0124158723809682,73.88889236383,15.22182738103
272,220257375,4197.448,4.6467,1.0,78.68271301558707,0.1021619142775307,0.1021619142775307,0.1021619142775307,1.320505142211914,1.320505142211914,1.320505142211914,0.0005295529992517,0.0127092719820413,21.58324869204,1.72185687869
273,201183292,3889.699,4.6712,3.0,79.97025690611918,0.1225900976593645,0.1430218500172486,0.081726847369282,1.3759056727091472,2.012026309967041,0.7236480712890625,0.001563081135862,0.0375139472606901,175.30102129076,-4.49863233136
274,210369015,3503.6685,4.8296,1.0,70.85728295225272,0.1021593863115413,0.1021593863115413,0.1021593863115413,2.10188627243042,2.10188627243042,2.10188627243042,0.000588036471773,0.0141128753225529,57.3728600695,12.72276495173
275,220210531,3914.4128,4.7163,1.0,78.6825829319423,0.2451795316010248,0.2451795316010248,0.2451795316010248,0.96282958984375,0.96282958984375,0.96282958984375,0.0005295538747464,0.0127092929939141,17.56325162326,0.37669279777
276,211339555,3432.7234,4.79,4.0,74.80073014304071,0.1225912160152802,0.1430244488146854,0.1021584290283499,1.8597543239593504,2.4931788444519043,1.144862174987793,0.0022281422433705,0.0534754138408921,125.94459798466,10.62281553385
277,248423501,3789.522,4.721,11.0,79.66401485481765,0.126305875130294,0.1838867430706159,0.0817269268300151,0.8708769624883478,1.3253569602966309,0.6024718284606934,0.0057533295826053,0.138079909982528,162.37352210021,0.48272280344
278,220160712,3856.4026,4.641,1.0,78.6825860341778,0.9194259320574928,0.9194259320574928,0.9194259320574928,30.83778619766236,30.83778619766236,30.83778619766236,0.0005295538538675,0.012709292492822,17.31254631853,-1.52049789577
279,205982496,4221.574,4.5868,1.0,69.1410501970604,0.1430262355570448,0.1430262355570448,0.1430262355570448,0.4460811614990234,0.4460811614990234,0.4460811614990234,0.000602632828803,0.0144631878912726,339.43519333835,-15.34562791205
280,210425673,3659.8816,4.7212,0.0,70.8575432689031,0.0,0.0,0.0,0.0,0.0,0.0,0.0,0.0,64.48725201229,14.0361441532
281,205965241,3853.899,4.4746,1.0,69.14112788775674,0.1021576652346993,0.1021576652346993,0.1021576652346993,3.667175769805908,3.667175769805908,3.667175769805908,0.0006026321516523,0.0144631716396555,341.58440386249,-15.87987072763
282,228739553,4036.3848,4.6638,4.0,69.12068575204466,0.1174822498887806,0.143021708157903,0.0817272422063979,1.5965789556503296,1.9950151443481443,1.130080223083496,0.0024112415097348,0.0578697962336358,183.93547904696,-9.40360420977
283,228716624,3621.0364,4.4252,0.0,69.1207084096095,0.0,0.0,0.0,0.0,0.0,0.0,0.0,0.0,186.23541736786,-10.51951309834
284,220191598,3223.2385,4.9738,0.0,78.68256870878395,0.0,0.0,0.0,0.0,0.0,0.0,0.0,0.0,16.95173349857,-0.32447036486
285,245932685,3433.0212,4.73,0.0,7.234091511170845,0.0,0.0,0.0,0.0,0.0,0.0,0.0,0.0,348.38130663317,-11.58328953759
286,220244084,4231.877,4.6149,10.0,78.68267017405014,0.1205463998747291,0.2451799844566267,0.0817261891133966,1.7693078517913818,5.950522422790527,0.906825065612793,0.005295532875854,0.1270927890204981,20.3893014131,1.44348663454
287,228743482,3708.2075,4.4614,0.0,68.79377065012523,0.0,0.0,0.0,0.0,0.0,0.0,0.0,0.0,184.01644919316,-9.22120052336
288,201148030,3475.397,4.7918,0.0,79.97030724445358,0.0,0.0,0.0,0.0,0.0,0.0,0.0,0.0,176.59851403376,-5.34080953915
289,210370582,3492.8467,4.9397,1.0,70.85721441773785,0.1225932175148045,0.1225932175148045,0.1225932175148045,1.262366771697998,1.262366771697998,1.262366771697998,0.0005880370405336,0.0141128889728082,55.02693206872,12.76371197731
290,210466851,3583.7542,4.7382,18.0,70.85753794156335,0.1895651912390248,0.4290764103643596,0.1021578319341642,6.372097465727064,13.576555252075195,1.6888022422790527,0.0105846184017645,0.2540308416423488,64.44468378115,14.83455766171
291,246868287,4187.63,4.5756,3.0,80.5420894089184,0.1089698995783692,0.143021687210421,0.0817287735262652,0.87738037109375,1.0367035865783691,0.6899714469909668,0.0015519835767528,0.0372476058420681,75.10288063443,16.44411680979
292,211351975,3510.91,4.8168,4.0,74.80076855869993,0.1174844736233353,0.1430250644189072,0.0817282543139299,1.2503057718276978,1.73872709274292,0.8764505386352539,0.0022281410990566,0.0534753863773605,130.12197884562,10.84999854892
293,212207435,3642.777,4.4432,12.0,79.5346837279867,0.1549699522705244,0.367841450672131,0.0817413254335406,1.9069770971934,3.714954853057861,0.7243037223815918,0.0062865655153672,0.1508775723688134,131.98174249123,24.51908895525
294,201263800,3767.3853,4.5654,0.0,79.97015311650466,0.0,0.0,0.0,0.0,0.0,0.0,0.0,0.0,171.21833263699,-2.99863815449
295,220221184,3776.3804,4.6253,4.0,78.68260928348172,0.0868354913545772,0.1021582686080364,0.0817260868789162,1.531827449798584,2.9712915420532227,0.7602691650390625,0.0021182147895755,0.0508371549498135,18.4895603828,0.74794719104
296,248416759,4182.4097,4.3983,22.0,79.66396482195705,0.1337376456967004,0.204324758000439,0.0817267920574522,2.554300698367032,6.16300106048584,0.7330656051635742,0.0115066663919546,0.2761599934069104,160.69413876726,0.22394701345
297,228716327,3664.6465,4.7378,12.0,69.12071463829488,0.2536934670012367,0.5720868260177667,0.0817266420781379,4.663650194803874,7.994651794433594,1.3197898864746094,0.0072337215061573,0.1736093161477768,187.37114323003,-10.53397729364
298,205911202,3600.5579,4.174,24.0,69.14103916257591,0.1259956939129551,0.2656107878137845,0.0817261504635098,2.4757434924443564,4.981756210327148,1.2540221214294434,0.0144631901995084,0.3471165647882036,339.04428394469,-17.75725980558
299,220263373,4173.105,4.5441,1.0,78.68272635457106,0.1021583006295259,0.1021583006295259,0.1021583006295259,0.5332350730895996,0.5332350730895996,0.5332350730895996,0.0005295529094772,0.0127092698274543,21.93774319982,1.85358168783
300,245930965,3684.2576,4.6816,0.0,7.234091369144153,0.0,0.0,0.0,0.0,0.0,0.0,0.0,0.0,348.41012926461,-11.66916797086
301,220217642,3590.9956,4.7242,1.0,78.68266058247536,0.0817285592056578,0.0817285592056578,0.0817285592056578,3.967177867889404,3.967177867889404,3.967177867889404,0.000529553352139,0.0127092804513365,20.06648929406,0.62750580444
302,220197043,3534.381,4.8448,0.0,78.68257183057722,0.0,0.0,0.0,0.0,0.0,0.0,0.0,0.0,17.1006199967,-0.11517352151
303,220197297,3619.824,4.2083,0.0,78.68267002922948,0.0,0.0,0.0,0.0,0.0,0.0,0.0,0.0,20.26615712838,-0.10481248319
304,201920159,3562.8684,4.6445,0.0,79.97016818227712,0.0,0.0,0.0,0.0,0.0,0.0,0.0,0.0,176.97359334433,7.75612400825
305,220159781,3513.428,4.786,2.0,78.68261104181875,0.1123749233811395,0.1225907822226872,0.1021590645395917,2.4001657962799072,2.547645568847656,2.252686023712158,0.0010591073711196,0.0254185769068724,18.16858678935,-1.55024215436
306,245972583,3888.8428,4.7121,2.0,78.8665001544723,0.091942359067616,0.1021578262298135,0.0817268919054186,2.810114622116089,4.637408256530762,0.982820987701416,0.0010566379029133,0.0253593096699192,354.75865597963,-10.20872959851
307,220165000,4231.865,4.6418,0.0,78.6824828645913,0.0,0.0,0.0,0.0,0.0,0.0,0.0,0.0,12.89598022555,-1.38308028116
308,246043496,3608.3005,4.1768,25.0,78.86660318540817,0.1430217506980989,0.3064750537960208,0.0817262445270898,2.575192451477051,7.110023498535156,1.0896921157836914,0.0132079565315854,0.3169909567580499,357.88289872897,-8.40204975959
309,245939622,4143.64,4.5978,2.0,78.86637686249742,0.1430208699639479,0.1430209500103956,0.1430207899175002,0.9538650512695312,1.0553359985351562,0.8523941040039062,0.0010566395547575,0.025359349314182,349.61258856775,-11.24167412346
310,201145370,4185.1245,4.6854,11.0,79.97026331571396,0.1430234643088294,0.3677820561715634,0.0817267969105159,1.3954628597606311,3.725671768188477,0.5596160888671875,0.005731297038799,0.1375511289311776,174.55208492722,-5.40527807139
311,228727599,3610.0422,4.9077,6.0,69.12069590369356,0.1089690315360106,0.1225901223369874,0.102158377689193,4.492966334025065,5.845117568969727,3.28061580657959,0.0036168617333993,0.0868046816015835,185.10450362974,-9.98084427058
312,212221504,3506.1833,4.7256,1.0,79.53463108963479,0.1430484032389358,0.1430484032389358,0.1430484032389358,1.1269450187683103,1.1269450187683103,1.1269450187683103,0.0005238808063333,0.0125731393520013,130.60625415309,25.00222991272
313,246685007,3613.528,4.5958,0.0,80.54210973317095,0.0,0.0,0.0,0.0,0.0,0.0,0.0,0.0,74.99127628399,14.38130981481
314,246844308,3586.5332,4.7943,0.0,80.54205065588758,0.0,0.0,0.0,0.0,0.0,0.0,0.0,0.0,73.76128439524,16.20333412681
315,251625366,4079.1123,4.6943,11.0,67.04852502419817,0.1746315733616938,0.531326171643741,0.1021762676973594,3.0235008759932085,12.088894844055176,1.1057376861572266,0.0068358451310885,0.164060283146125,200.01119193845,-0.66888585662
316,246728920,3676.0955,4.5239,0.0,80.54198240461119,0.0,0.0,0.0,0.0,0.0,0.0,0.0,0.0,70.63480283285,14.93077567507
317,220234729,4093.2805,4.702,2.0,78.68273443647195,0.0919457664276706,0.1021619738748995,0.0817295589804416,2.0145177841186523,2.306520938873291,1.7225146293640137,0.0010591057101684,0.0254185370440422,22.13534559124,1.21914136576
318,220303546,3505.7136,4.8588,26.0,78.68272649892606,0.1241627884441046,0.2451802733994554,0.0817262034324812,2.212278201029851,2.868366241455078,1.6988039016723633,0.0137683756211488,0.3304410149075715,21.92338835064,2.70920752002
319,211395034,4196.0938,4.5834,15.0,74.80079380219831,0.1920609642736963,0.8990173324782518,0.0817267214151797,1.00571076075236,1.787257194519043,0.4746913909912109,0.0083555263016691,0.20053263124006,132.44852904457,11.56496146632
320,201166730,4147.623,4.368,0.0,79.97018502478022,0.0,0.0,0.0,0.0,0.0,0.0,0.0,0.0,170.3543705307,-4.89795488744
321,220279762,3856.2776,4.6309,5.0,78.68275209213607,0.093987011165882,0.1225924809550633,0.0817268068130943,1.5491151809692385,3.336942195892334,0.7750153541564941,0.0026477636812878,0.0635463283509083,22.59882323471,2.2017737665
322,212330607,3410.0527,4.8241,3.0,78.88733692998358,0.1566463140018944,0.2451881786982994,0.0817277083333465,1.1450409889221191,2.0681381225585938,0.5619049072265625,0.0015845382144277,0.038028917146267,204.54574093279,-16.65112550894
323,211525023,3535.497,4.7461,2.0,74.80067520665034,0.1736708275930141,0.2043197590101044,0.1430218961759237,19.498252868652344,27.968335151672363,11.028170585632324,0.0011140719399004,0.0267377265576098,123.72817209822,13.49217288702
324,210407201,3468.701,4.7876,7.0,70.85722317473119,0.1313466560209885,0.2043155361025128,0.1021578044892521,1.0077459471566337,1.5684962272644043,0.4575729370117187,0.0041162587750218,0.0987902106005236,55.51681071721,13.63136034513
325,210424595,3685.8071,4.5626,2.0,70.85751168827846,1.1135230767358737,1.225897861608246,1.001148291863501,1.442885398864746,1.5206694602966309,1.365101337432861,0.0011760691470502,0.0282256595292048,63.75470357151,14.01372859055
326,220214138,3643.247,4.79,12.0,78.68255436501931,0.1532382700055071,0.2043174577192985,0.0817266641970491,1.5589704116185503,2.4421215057373047,0.8311986923217773,0.0063546488041101,0.152511571298643,16.53663098557,0.5001686113
327,228720626,3505.4597,4.8319,8.0,69.120704153931,0.1481299022925668,0.2247493090399075,0.1021583899128018,5.911464989185333,10.157346725463867,0.9440898895263672,0.0048224817355882,0.1157395616541187,186.00650456809,-10.32202717591
328,201191486,3500.5576,4.1036,4.0,79.97020307648927,0.1481296580404887,0.2247483895916957,0.1021582668618066,0.7761567831039429,0.9575963020324708,0.5227088928222656,0.0020841095840066,0.0500186300161587,172.70190183183,-4.30268438586
329,211425510,3807.1606,4.7311,3.0,125.6146762964854,0.1702682195464149,0.2860512798288255,0.0817278869144502,1.1616110801696775,2.148270606994629,0.48065185546875,0.0009951066522272,0.0238825596534529,127.31832017961,12.02307126229
330,228720389,3655.2332,4.5426,2.0,68.79378847680346,0.1225904989296395,0.1430220654438017,0.1021589324154774,1.065129041671753,1.0707736015319824,1.0594844818115234,0.0012113496752898,0.0290723922069559,184.88423356637,-10.33383017104
331,220205364,3484.4504,4.5894,1.0,78.68259429500904,0.183886394755973,0.183886394755973,0.183886394755973,0.8653402328491211,0.8653402328491211,0.8653402328491211,0.00052955379827,0.0127092911584821,17.93244663709,0.18642624932
332,248470153,4108.531,4.6588,2.0,79.66388052084949,0.0919456206247559,0.1021615277786622,0.0817297134708496,0.4516124725341797,0.5140185356140137,0.3892064094543457,0.0010460616880384,0.0251054805129228,159.70771820142,2.17092962627
333,251360907,3806.396,4.6989,2.0,79.5349112327458,0.0817418484257359,0.0817422018008073,0.0817414950506645,0.6001412868499756,0.934278964996338,0.2660036087036133,0.0010477579221717,0.0251461901321211,140.43838420931,21.99023742181
334,201173976,3673.267,4.3567,7.0,79.97018590464722,0.1342669947022971,0.1838881613584817,0.1021600822423351,1.0556152888706751,1.2052059173583984,0.9414196014404296,0.0036471925551659,0.0875326213239829,170.79740658249,-4.72052128692
335,201175161,3956.6638,4.6455,2.0,79.9702350179432,0.1021595453348709,0.1021602984255878,0.102158792244154,2.993327379226685,5.014848709106445,0.9718060493469238,0.0010420543757891,0.0250093050189392,173.99800469703,-4.6937916767
336,211319940,3830.65,4.4984,1.0,74.8007904270853,0.1021586272909189,0.1021586272909189,0.1021586272909189,1.0765314102172852,1.0765314102172852,1.0765314102172852,0.0005570351119121,0.0133688426858909,130.82093682556,10.25306570113
337,201149420,3690.0852,4.5241,2.0,79.97029021091294,0.0817266267476952,0.0817266692683915,0.0817265842269989,0.4839301109313965,0.5554676055908203,0.4123926162719726,0.0010420536565961,0.0250092877583064,175.9136485633,-5.30872162792
338,201195593,4184.1045,4.5666,8.0,79.97021754283924,0.1481308319971503,0.3064775174934766,0.0817266778831253,0.9106561541557312,1.3335466384887695,0.6474971771240234,0.004168218413996,0.1000372419359054,173.67129183324,-4.20493086366
339,228733130,3867.0852,4.7763,8.0,69.12069098770735,0.1302536727080223,0.1430241442722035,0.1021596270584268,1.1311277747154236,1.641082763671875,0.7087111473083496,0.0048224826541825,0.115739583700382,184.75220888642,-9.71018313991
340,245937515,3468.8171,4.426,4.0,78.86644497873203,0.1787787414432387,0.3677743223524885,0.1021594675694359,3.087091445922852,7.1253180503845215,1.2672662734985352,0.0021132772842951,0.0507186548230832,352.59210563307,-11.34434900568
341,201180709,3409.9985,4.5977,0.0,79.97019930789247,0.0,0.0,0.0,0.0,0.0,0.0,0.0,0.0,172.07447116591,-4.55922193699
342,211372933,3558.978,4.0891,1.0,50.81418072106317,0.1021587234426988,0.1021587234426988,0.1021587234426988,0.5293369293212891,0.5293369293212891,0.5293369293212891,0.0008199810776324,0.0196795458631784,133.59638437867,11.20560559174
343,228732260,4141.9116,4.6275,11.0,68.03779863344243,0.1745998716935653,0.2451841082365717,0.1021583986439509,2.6446374979886142,4.227125644683838,0.8567094802856445,0.0067364515392779,0.1616748369426696,183.43290954853,-9.75364866147
344,201163416,4149.1377,4.6579,4.0,79.97022035857663,0.1328065506932034,0.1634534793920465,0.1021605675778118,1.0946303606033323,1.507270336151123,0.6948351860046387,0.0020841091336169,0.0500186192068058,172.78259170025,-4.97514427678
345,220176726,3682.6096,4.8288,10.0,78.68255364045035,0.1634558224242937,0.5721009909684653,0.0817268764221808,2.196383476257324,3.0046582221984863,1.2544751167297363,0.0052955407188571,0.1270929772525716,16.25940328225,-0.91740480545
346,211358752,3381.6306,4.5907,9.0,125.614684237873,0.1066996021812277,0.1634549676527967,0.0817271197374793,1.6356627146402996,2.062666416168213,0.8156061172485352,0.002985319767949,0.0716476744307771,126.55055058237,10.9670994059
347,212282694,4239.434,4.421,11.0,78.8873803322931,0.1095885776005822,0.2247493559552822,0.081726587137382,1.1910839514298872,4.05580997467041,0.5669951438903809,0.0058099702563669,0.1394392861528078,205.03733505969,-18.06052791516
348,245969161,4134.4697,4.4211,4.0,78.86643474279845,0.0970500770254148,0.1021581802488071,0.081726235912356,2.64679491519928,2.980661392211914,2.3115158081054688,0.0021132775585736,0.0507186614057668,352.41473526107,-10.30147208437
349,205925135,4144.5273,4.3642,3.0,69.14099562918273,0.1021579759787224,0.102158275709371,0.1021577500578132,0.9154558181762696,1.1413335800170898,0.771796703338623,0.0018078999132497,0.0433895979179937,337.74609070785,-17.2309062236
350,211407353,4177.8433,4.6595,5.0,79.53473389239662,0.130787840373523,0.1634848690373473,0.0817426444191369,1.1242246627807615,2.080821990966797,0.7183670997619629,0.0026194006459516,0.0628656155028387,129.84900084725,11.75344224197
351,202083293,3518.997,4.7581,11.0,36.2661859495347,0.1913143544694652,0.4290642046908033,0.0817266029989696,1.0000889951532537,2.02486515045166,0.5209207534790039,0.012638035165074,0.3033128439617767,101.74999310255,15.99403136386
352,201392089,4225.6763,4.5409,2.0,79.97008060629014,0.0817266434787598,0.081726692180382,0.0817265947771375,1.002293825149536,1.010942459106445,0.993645191192627,0.0010420563878583,0.0250093533086008,166.60380005795,-1.08121917439
353,201166171,3762.6912,4.6415,1.0,79.9702582488535,0.2451880403968971,0.2451880403968971,0.2451880403968971,1.3467073440551758,1.3467073440551758,1.3467073440551758,0.0005210270365391,0.0125046488769384,174.90242540818,-4.91110520689
354,220197340,3820.5984,4.7559,3.0,78.68253021722194,0.149832101308372,0.2451792424253653,0.0817261349220643,4.1701118151346845,7.982325553894043,1.9694089889526367,0.0015886626885905,0.0381279045261735,15.48849339672,-0.10300382938
355,201457252,3702.201,4.8416,12.0,79.6640520770452,0.2162411257965383,0.9807624265013146,0.1021585848502582,2.3415217796961465,5.598628520965576,1.3135910034179688,0.0062763566120944,0.150632558690267,162.91247814139,-0.11469451488
356,201170018,3755.3694,4.8023,2.0,79.97023617604282,0.1123768891156942,0.1430263206566451,0.0817274575747433,1.0298192501068115,1.1073946952819824,0.9522438049316406,0.0010420543606984,0.0250093046567636,173.90373278516,-4.81601875718
357,201217949,3787.756,4.6602,3.0,79.9701914609177,0.1294005905195566,0.163453433997347,0.1021583358451607,2.376766999562581,5.061709880828857,0.902402400970459,0.0015630824150407,0.0375139779609772,172.82211375824,-3.69597817792
358,211432351,3478.1206,4.6579,20.0,74.80070548045478,0.1246334488012507,0.3473397517955163,0.0817266896992805,2.697629928588867,4.374635219573975,1.1519908905029297,0.0111407148900631,0.2673771573615164,126.18715147663,12.13058768987
359,201179349,4188.9404,4.5028,1.0,79.97021482919808,0.2043228907059529,0.2043228907059529,0.2043228907059529,1.1201977729797363,1.1201977729797363,1.1201977729797363,0.0005210273194296,0.0125046556663105,173.0039665002,-4.59241547565
360,201184584,3526.4639,4.7356,2.0,79.97021980886348,0.1123769580299267,0.122592433457612,0.1021614826022414,1.4011561870574951,2.016639709472656,0.785672664642334,0.0010420545739715,0.0250093097753162,173.46036417121,-4.46785140817
361,201256431,3907.495,4.6344,0.0,79.97015580360312,0.0,0.0,0.0,0.0,0.0,0.0,0.0,0.0,171.25013831106,-3.10992820924
362,220225125,3517.4307,4.7659,2.0,78.68262033583596,0.1634529221701086,0.2451797311368864,0.0817261132033309,2.2572100162506104,3.105485439300537,1.4089345932006836,0.0010591072460175,0.0254185739044216,18.85646576415,0.88721011227
363,228744129,3717.945,4.6618,1.0,69.12068256179919,0.0817265794466948,0.0817265794466948,0.0817265794466948,2.8272151947021484,2.8272151947021484,2.8272151947021484,0.0006028104052562,0.0144674497261499,184.07458965868,-9.18817584983
364,228722121,3693.198,4.7175,1.0,69.1207051682577,0.0817265992445754,0.0817265992445754,0.0817265992445754,29.87033128738404,29.87033128738404,29.87033128738404,0.0006028102081024,0.0144674449944592,186.53203692663,-10.24828904669
365,246708982,3474.9697,4.8134,7.0,80.54207899393805,0.1342651759114232,0.1634527612259262,0.0817267587335663,3.687003680637905,12.28889226913452,1.627039909362793,0.0036212954806967,0.0869110915367214,74.13467439389,14.68575992463
366,246699369,3481.2744,4.9842,1.0,80.54213541532226,0.1021581475361017,0.1021581475361017,0.1021581475361017,38.935089111328125,38.935089111328125,38.935089111328125,0.0005173275634152,0.012415861521965,75.85045476716,14.56507404136
367,205970716,4132.4478,4.5341,0.0,69.1410962699374,0.0,0.0,0.0,0.0,0.0,0.0,0.0,0.0,340.73801113818,-15.70599635285
368,220201062,3696.3684,4.7144,3.0,78.68265059392434,0.1498317578443675,0.245179856166942,0.1021576616185484,2.6859124501546225,4.865467548370361,1.4129400253295898,0.0015886602580931,0.0381278461942365,19.70970833649,0.03368338634
369,211372420,3560.735,4.7941,16.0,74.80075900076918,0.1340839035606222,0.2860485283526941,0.0817266902740811,5.073074251413345,19.59453821182251,0.9647250175476074,0.008912565535061,0.2139015728414663,129.89129714104,11.19728477194
370,246667147,3768.9534,4.6488,1.0,80.54201715691306,0.1225904457824071,0.1225904457824071,0.1225904457824071,6.746244430541992,6.746244430541992,6.746244430541992,0.000517328322998,0.0124158797519533,71.64952192951,14.149449345
371,211397213,3512.2131,4.7857,3.0,74.80071723328001,0.1021596040106184,0.1225907375192036,0.0817283672367921,2.1706302960713706,2.443087100982666,2.0191073417663574,0.001671106970942,0.0401065673026094,126.6135824754,11.59812638637
372,228714878,3690.318,4.4994,2.0,69.12070549026248,0.2758280849338916,0.2860443088793545,0.2656118609884288,4.282712936401367,6.98927640914917,1.5761494636535645,0.0012056204105884,0.0289348898541227,184.48779099709,-10.61037788356
373,245957078,4050.4512,4.3968,5.0,78.86639665962139,0.1185030867069144,0.1838838859548559,0.0817261883203173,1.354060173034668,1.549530029296875,1.2138724327087402,0.002641598223797,0.0633983573711303,350.74241615313,-10.63856507132
374,245993864,3888.004,4.7178,13.0,78.86646843467315,0.260897589977853,0.7559666845118045,0.0817260999392601,1.7255040315481334,2.7969717979431152,0.9492397308349608,0.0068681491312792,0.1648355791507031,353.74784550745,-9.6409383383
375,248434848,3576.5706,4.6958,5.0,79.66400397213874,0.1634599520402844,0.224757994794345,0.1225944310281192,2.3435211181640625,3.301775455474853,1.595139503479004,0.0026151501675235,0.0627636040205645,162.41061265824,0.91308127299
376,245931571,3636.4153,4.4119,32.0,78.86636587405519,0.1583472536981389,0.4903693196247332,0.0817262143682455,3.856303170323372,9.921395778656006,1.331961154937744,0.0169062352316649,0.4057496455599597,348.8715159805,-11.63739577322
377,248415644,3608.901,4.6105,15.0,79.66394265869167,0.1620938200789775,0.4290717197654885,0.1021587075520074,3.4120750427246094,6.771528720855713,1.6735315322875977,0.0078454565408307,0.1882909569799385,159.95298129335,0.17543524875
378,246028938,3472.95,4.4085,5.0,78.86661692963389,0.1225918311247369,0.1225946009944891,0.1225898194679757,3.8314366340637207,6.439173221588135,2.000141143798828,0.0026415908459622,0.0633981803030943,358.24682841995,-8.74749075361
379,210327065,3631.139,4.3892,10.0,70.85733810133388,0.1818427849684667,0.3473489310272271,0.0817261729825986,2.263585329055786,3.2726645469665527,1.640033721923828,0.0058803601409749,0.1411286433833978,58.78672465488,11.56317078552
380,228721295,3648.419,4.2674,1.0,69.12070060524275,0.1225914730312069,0.1225914730312069,0.1225914730312069,2.2506356239318848,2.2506356239318848,2.2506356239318848,0.000602810247897,0.01446744594953,183.05958537358,-10.28911506801
381,211477574,4135.6274,4.4366,5.0,74.80068406771898,0.1430229519726708,0.1838880356299341,0.1225897259282646,1.405134201049805,2.382147312164306,0.8881688117980957,0.0027851795198119,0.0668443084754863,123.4821677106,12.81473529486
382,201225541,3930.6602,4.7614,0.0,79.97016505349893,0.0,0.0,0.0,0.0,0.0,0.0,0.0,0.0,171.20643597229,-3.57697564441
383,201293791,4144.2637,4.5952,0.0,79.97012325224932,0.0,0.0,0.0,0.0,0.0,0.0,0.0,0.0,169.33304794748,-2.54254441544
384,211438319,3573.3794,4.7468,1.0,74.80070785998396,0.1225900449644541,0.1225900449644541,0.1225900449644541,10.143911838531494,10.143911838531494,10.143911838531494,0.0005570357267829,0.0133688574427912,126.71801071322,12.2209866683
385,212339487,3540.9473,4.6536,0.0,78.88730562776618,0.0,0.0,0.0,0.0,0.0,0.0,0.0,0.0,203.14547346408,-16.41023869755
386,211503930,3423.8625,4.819,1.0,74.80068137619674,0.1430235505540622,0.1430235505540622,0.1430235505540622,1.7660260200500488,1.7660260200500488,1.7660260200500488,0.0005570359240059,0.0133688621761435,124.53068394217,13.19413952175
387,211311519,3371.5059,4.8119,0.0,50.81409873435041,0.0,0.0,0.0,0.0,0.0,0.0,0.0,0.0,130.65115383632,10.08301411587
